camera,filename,radius,config,margin_inner_px,margin_outer_px,inner_frac,outer_frac,raw_erf,raw_int_var,raw_bg_var,raw_int_max,flat_erf,flat_int_var,flat_bg_var,flat_int_max,erf_delta,erf_pct,int_var_reduction,bg_var_reduction
g,sphere1015g_crop.png,50,fixed_15px,15,15,0.3,0.3,0.4457987311540662,0.045635808259248734,0.006429219618439674,0.8078431487083435,8.945324804382087,0.0,0.0,0.0,8.49952607322802,1906.583729214478,1.0,1.0
g,sphere1015g_crop.png,50,fixed_25px,25,25,0.5,0.5,0.4457987311540662,0.045635808259248734,0.006429219618439674,0.8078431487083435,1.5035156894510306,0.00222629657946527,0.0018198093166574836,0.1720532923936844,1.0577169582969645,237.26333979434813,0.951216015134035,0.7169470908353979
g,sphere1015g_crop.png,50,fixed_35px,35,35,0.7,0.7,0.4457987311540662,0.045635808259248734,0.006429219618439674,0.8078431487083435,0.9927011411811013,0.01977032795548439,0.0066133118234574795,0.5941019654273987,0.5469024100270351,122.67922086974892,0.5667803702922769,-0.028633678104541538
g,sphere1015g_crop.png,50,prop_5pct,2,2,0.04,0.04,0.4457987311540662,0.045635808259248734,0.006429219618439674,0.8078431487083435,3.0075830027358825,0.0,0.0,0.0,2.5617842715818164,574.6504179027091,1.0,1.0
g,sphere1015g_crop.png,50,prop_8pct,4,4,0.08,0.08,0.4457987311540662,0.045635808259248734,0.006429219618439674,0.8078431487083435,3.828483475891411,0.0,0.0,0.0,3.382684744737345,758.7919184920926,1.0,1.0
g,sphere1015g_crop.png,50,prop_10pct,5,5,0.1,0.1,0.4457987311540662,0.045635808259248734,0.006429219618439674,0.8078431487083435,4.229630149045134,0.0,0.0,0.0,3.7838314178910677,848.7757262331443,1.0,1.0
g,sphere1015g_crop.png,50,prop_14pct,7,7,0.14,0.14,0.4457987311540662,0.045635808259248734,0.006429219618439674,0.8078431487083435,5.062807089641136,0.0,0.0,0.0,4.61700835848707,1035.6710407261007,1.0,1.0
g,sphere1015g_crop.png,50,prop_20pct,10,10,0.2,0.2,0.4457987311540662,0.045635808259248734,0.006429219618439674,0.8078431487083435,6.375503115510774,0.0,0.0,0.0,5.929704384356708,1330.1303861960585,1.0,1.0
g,sphere1015g_crop.png,50,prop_30pct,15,15,0.3,0.3,0.4457987311540662,0.045635808259248734,0.006429219618439674,0.8078431487083435,8.945324804382087,0.0,0.0,0.0,8.49952607322802,1906.583729214478,1.0,1.0
g,sphere1015g_crop.png,50,asym_in5_out14,2,7,0.04,0.14,0.4457987311540662,0.045635808259248734,0.006429219618439674,0.8078431487083435,5.027099805826607,0.0,0.0,0.0,4.581301074672541,1027.6613086835507,1.0,1.0
g,sphere1015g_crop.png,50,asym_in8_out14,4,7,0.08,0.14,0.4457987311540662,0.045635808259248734,0.006429219618439674,0.8078431487083435,5.0402153707138915,0.0,0.0,0.0,4.594416639559825,1030.6033459687021,1.0,1.0
g,sphere1015g_crop.png,50,asym_in5_out20,2,10,0.04,0.2,0.4457987311540662,0.045635808259248734,0.006429219618439674,0.8078431487083435,6.200320985474409,0.0,0.0,0.0,5.754522254320343,1290.8341482765693,1.0,1.0
g,sphere1015g_crop.png,50,asym_in10_out20,5,10,0.1,0.2,0.4457987311540662,0.045635808259248734,0.006429219618439674,0.8078431487083435,6.235028727084778,0.0,0.0,0.0,5.789229995930712,1298.6196665351158,1.0,1.0
g,sphere1015g_crop.png,50,asym_in14_out5,7,2,0.14,0.04,0.4457987311540662,0.045635808259248734,0.006429219618439674,0.8078431487083435,3.022957368640478,0.0,0.0,0.0,2.577158637486412,578.099141470135,1.0,1.0
g,sphere1015g_crop.png,50,asym_in20_out8,10,4,0.2,0.08,0.4457987311540662,0.045635808259248734,0.006429219618439674,0.8078431487083435,3.8389280641244135,0.0,0.0,0.0,3.3931293329703474,761.1348117089404,1.0,1.0
g,sphere1015g_crop.png,50,asym_in14_out8,7,4,0.14,0.08,0.4457987311540662,0.045635808259248734,0.006429219618439674,0.8078431487083435,3.8378553771934967,0.0,0.0,0.0,3.3920566460394306,760.8941903576548,1.0,1.0
g,sphere1204g_crop.png,49,fixed_15px,15,15,0.30612244897959184,0.30612244897959184,0.4325864659801656,0.04317421838641167,0.008644692599773407,0.7960784435272217,8.917727139162354,2.8798161078036344e-10,1.8099844956154243e-09,0.0002473505155649036,8.485140673182189,1961.4900928433665,0.9999999933297783,0.9999997906247706
g,sphere1204g_crop.png,49,fixed_25px,25,25,0.5102040816326531,0.5102040816326531,0.4325864659801656,0.04317421838641167,0.008644692599773407,0.7960784435272217,1.7229460483131553,0.0009097923757508397,0.00217401422560215,0.11732528358697891,1.2903595823329899,298.28940196019767,0.9789274152549063,0.74851457116484
g,sphere1204g_crop.png,49,fixed_35px,35,35,0.7142857142857143,0.7142857142857143,0.4325864659801656,0.04317421838641167,0.008644692599773407,0.7960784435272217,1.0068762617498401,0.015053118579089642,0.00730901537463069,0.5343025326728821,0.5742897957696745,132.7572268051507,0.6513401019941256,0.15450835408279617
g,sphere1204g_crop.png,49,prop_5pct,2,2,0.04081632653061224,0.04081632653061224,0.4325864659801656,0.04317421838641167,0.008644692599773407,0.7960784435272217,2.9918638365455976,0.0,0.0,0.0,2.559277370565432,591.6221546059134,1.0,1.0
g,sphere1204g_crop.png,49,prop_8pct,3,3,0.061224489795918366,0.061224489795918366,0.4325864659801656,0.04317421838641167,0.008644692599773407,0.7960784435272217,3.4407646521610493,0.0,0.0,0.0,3.0081781861808836,695.3935045944805,1.0,1.0
g,sphere1204g_crop.png,49,prop_10pct,4,4,0.08163265306122448,0.08163265306122448,0.4325864659801656,0.04317421838641167,0.008644692599773407,0.7960784435272217,3.8873955151428174,0.0,0.0,0.0,3.4548090491626517,798.6401149501189,1.0,1.0
g,sphere1204g_crop.png,49,prop_14pct,6,6,0.12244897959183673,0.12244897959183673,0.4325864659801656,0.04317421838641167,0.008644692599773407,0.7960784435272217,4.792666587460594,0.0,0.0,0.0,4.360080121480428,1007.9095081260219,1.0,1.0
g,sphere1204g_crop.png,49,prop_20pct,9,9,0.1836734693877551,0.1836734693877551,0.4325864659801656,0.04317421838641167,0.008644692599773407,0.7960784435272217,6.23614604226683,0.0,0.0,0.0,5.8035595762866645,1341.5952723201383,1.0,1.0
g,sphere1204g_crop.png,49,prop_30pct,14,14,0.2857142857142857,0.2857142857142857,0.4325864659801656,0.04317421838641167,0.008644692599773407,0.7960784435272217,8.496212194207803,0.0,0.0,0.0,8.063625728227638,1864.049470423645,1.0,1.0
g,sphere1204g_crop.png,49,asym_in5_out14,2,6,0.04081632653061224,0.12244897959183673,0.4325864659801656,0.04317421838641167,0.008644692599773407,0.7960784435272217,4.760135572216509,0.0,0.0,0.0,4.327549106236344,1000.3893895364644,1.0,1.0
g,sphere1204g_crop.png,49,asym_in8_out14,3,6,0.061224489795918366,0.12244897959183673,0.4325864659801656,0.04317421838641167,0.008644692599773407,0.7960784435272217,4.7690167014017115,0.0,0.0,0.0,4.336430235421546,1002.4424193660222,1.0,1.0
g,sphere1204g_crop.png,49,asym_in5_out20,2,9,0.04081632653061224,0.1836734693877551,0.4325864659801656,0.04317421838641167,0.008644692599773407,0.7960784435272217,6.0679868340201395,0.0,0.0,0.0,5.635400368039974,1302.7223020653544,1.0,1.0
g,sphere1204g_crop.png,49,asym_in10_out20,4,9,0.08163265306122448,0.1836734693877551,0.4325864659801656,0.04317421838641167,0.008644692599773407,0.7960784435272217,6.093405200883272,0.0,0.0,0.0,5.660818734903107,1308.5982063901786,1.0,1.0
g,sphere1204g_crop.png,49,asym_in14_out5,6,2,0.12244897959183673,0.04081632653061224,0.4325864659801656,0.04317421838641167,0.008644692599773407,0.7960784435272217,2.998361375847159,0.0,0.0,0.0,2.565774909866993,593.1241755456667,1.0,1.0
g,sphere1204g_crop.png,49,asym_in20_out8,9,3,0.1836734693877551,0.061224489795918366,0.4325864659801656,0.04317421838641167,0.008644692599773407,0.7960784435272217,3.3956029186061127,0.0,0.0,0.0,2.963016452625947,684.9535724406607,1.0,1.0
g,sphere1204g_crop.png,49,asym_in14_out8,6,3,0.12244897959183673,0.061224489795918366,0.4325864659801656,0.04317421838641167,0.008644692599773407,0.7960784435272217,3.4468484047423544,0.0,0.0,0.0,3.0142619387621887,696.7998714274141,1.0,1.0
g,sphere1256g_crop.png,50,fixed_15px,15,15,0.3,0.3,0.3639483435155771,0.05105804279446602,0.009193447418510914,0.8509804010391235,1.1980141856540767,0.0,0.0,0.0,0.8340658421384997,229.17149013011002,1.0,1.0
g,sphere1256g_crop.png,50,fixed_25px,25,25,0.5,0.5,0.3639483435155771,0.05105804279446602,0.009193447418510914,0.8509804010391235,1.004088705421339,0.0009752943878993392,0.00134013663046062,0.11509592086076736,0.640140361905762,175.88769761178037,0.9808983201368414,0.8542291515408824
g,sphere1256g_crop.png,50,fixed_35px,35,35,0.7,0.7,0.3639483435155771,0.05105804279446602,0.009193447418510914,0.8509804010391235,0.8158824062541612,0.017245404422283173,0.004915690049529076,0.571081817150116,0.4519340627385841,124.1753316894108,0.662239218770988,0.46530503458024
g,sphere1256g_crop.png,50,prop_5pct,2,2,0.04,0.04,0.3639483435155771,0.05105804279446602,0.009193447418510914,0.8509804010391235,1.8145858083523565,0.0,0.0,0.0,1.4506374648367795,398.583340378548,1.0,1.0
g,sphere1256g_crop.png,50,prop_8pct,4,4,0.08,0.08,0.3639483435155771,0.05105804279446602,0.009193447418510914,0.8509804010391235,1.8711155678308131,0.0,0.0,0.0,1.507167224315236,414.11569833143886,1.0,1.0
g,sphere1256g_crop.png,50,prop_10pct,5,5,0.1,0.1,0.3639483435155771,0.05105804279446602,0.009193447418510914,0.8509804010391235,1.7891251550350558,0.0,0.0,0.0,1.4251768115194787,391.58766262072044,1.0,1.0
g,sphere1256g_crop.png,50,prop_14pct,7,7,0.14,0.14,0.3639483435155771,0.05105804279446602,0.009193447418510914,0.8509804010391235,1.6169871031629164,0.0,0.0,0.0,1.2530387596473394,344.2902768957675,1.0,1.0
g,sphere1256g_crop.png,50,prop_20pct,10,10,0.2,0.2,0.3639483435155771,0.05105804279446602,0.009193447418510914,0.8509804010391235,1.368087961321169,0.0,0.0,0.0,1.004139617805592,275.90168651574436,1.0,1.0
g,sphere1256g_crop.png,50,prop_30pct,15,15,0.3,0.3,0.3639483435155771,0.05105804279446602,0.009193447418510914,0.8509804010391235,1.1980141856540767,0.0,0.0,0.0,0.8340658421384997,229.17149013011002,1.0,1.0
g,sphere1256g_crop.png,50,asym_in5_out14,2,7,0.04,0.14,0.3639483435155771,0.05105804279446602,0.009193447418510914,0.8509804010391235,1.6283416179153087,0.0,0.0,0.0,1.2643932743997317,347.410091824093,1.0,1.0
g,sphere1256g_crop.png,50,asym_in8_out14,4,7,0.08,0.14,0.3639483435155771,0.05105804279446602,0.009193447418510914,0.8509804010391235,1.630039110511651,0.0,0.0,0.0,1.266090766996074,347.8765021338488,1.0,1.0
g,sphere1256g_crop.png,50,asym_in5_out20,2,10,0.04,0.2,0.3639483435155771,0.05105804279446602,0.009193447418510914,0.8509804010391235,1.3976475584944124,0.0,0.0,0.0,1.0336992149788353,284.02360757951703,1.0,1.0
g,sphere1256g_crop.png,50,asym_in10_out20,5,10,0.1,0.2,0.3639483435155771,0.05105804279446602,0.009193447418510914,0.8509804010391235,1.3986585189968035,0.0,0.0,0.0,1.0347101754812265,284.3013834013894,1.0,1.0
g,sphere1256g_crop.png,50,asym_in14_out5,7,2,0.14,0.04,0.3639483435155771,0.05105804279446602,0.009193447418510914,0.8509804010391235,1.8070608123938139,0.0,0.0,0.0,1.4431124688782369,396.51574037634583,1.0,1.0
g,sphere1256g_crop.png,50,asym_in20_out8,10,4,0.2,0.08,0.3639483435155771,0.05105804279446602,0.009193447418510914,0.8509804010391235,1.7781003883615374,0.0,0.0,0.0,1.4141520448459604,388.55845068173375,1.0,1.0
g,sphere1256g_crop.png,50,asym_in14_out8,7,4,0.14,0.08,0.3639483435155771,0.05105804279446602,0.009193447418510914,0.8509804010391235,1.858482909758688,0.0,0.0,0.0,1.4945345662431109,410.64469529015577,1.0,1.0
g,sphere0943g_crop.png,50,fixed_15px,15,15,0.3,0.3,0.4300617054302983,0.03321433439850807,0.0047922274097800255,0.7058823704719543,10.633474145131906,0.0,0.0,0.0,10.203412439701609,2372.5461511372146,1.0,1.0
g,sphere0943g_crop.png,50,fixed_25px,25,25,0.5,0.5,0.4300617054302983,0.03321433439850807,0.0047922274097800255,0.7058823704719543,16.126231564875155,0.0014781799400225282,0.002693439368158579,0.19320788979530334,15.696169859444858,3649.748317800129,0.9554957229524093,0.43795668739305216
g,sphere0943g_crop.png,50,fixed_35px,35,35,0.7,0.7,0.4300617054302983,0.03321433439850807,0.0047922274097800255,0.7058823704719543,20.984621542723946,0.012136836536228657,0.009702065028250217,0.4629146456718445,20.55455983729365,4779.44433967395,0.6345904033297798,-1.0245418672014908
g,sphere0943g_crop.png,50,prop_5pct,2,2,0.04,0.04,0.4300617054302983,0.03321433439850807,0.0047922274097800255,0.7058823704719543,4.152161419695905,0.0,0.0,0.0,3.7220997142656067,865.4803874112575,1.0,1.0
g,sphere0943g_crop.png,50,prop_8pct,4,4,0.08,0.08,0.4300617054302983,0.03321433439850807,0.0047922274097800255,0.7058823704719543,5.180468080828881,0.0,0.0,0.0,4.750406375398582,1104.5871593346267,1.0,1.0
g,sphere0943g_crop.png,50,prop_10pct,5,5,0.1,0.1,0.4300617054302983,0.03321433439850807,0.0047922274097800255,0.7058823704719543,5.634312514213871,0.0,0.0,0.0,5.204250808783573,1210.117232729768,1.0,1.0
g,sphere0943g_crop.png,50,prop_14pct,7,7,0.14,0.14,0.4300617054302983,0.03321433439850807,0.0047922274097800255,0.7058823704719543,6.583002760366518,0.0,0.0,0.0,6.152941054936219,1430.7112159125847,1.0,1.0
g,sphere0943g_crop.png,50,prop_20pct,10,10,0.2,0.2,0.4300617054302983,0.03321433439850807,0.0047922274097800255,0.7058823704719543,8.003311417397173,0.0,0.0,0.0,7.5732497119668745,1760.9681625545938,1.0,1.0
g,sphere0943g_crop.png,50,prop_30pct,15,15,0.3,0.3,0.4300617054302983,0.03321433439850807,0.0047922274097800255,0.7058823704719543,10.633474145131906,0.0,0.0,0.0,10.203412439701609,2372.5461511372146,1.0,1.0
g,sphere0943g_crop.png,50,asym_in5_out14,2,7,0.04,0.14,0.4300617054302983,0.03321433439850807,0.0047922274097800255,0.7058823704719543,6.572770587176999,0.0,0.0,0.0,6.1427088817467,1428.3319821746538,1.0,1.0
g,sphere0943g_crop.png,50,asym_in8_out14,4,7,0.08,0.14,0.4300617054302983,0.03321433439850807,0.0047922274097800255,0.7058823704719543,6.582519312579269,0.0,0.0,0.0,6.15245760714897,1430.598802326082,1.0,1.0
g,sphere0943g_crop.png,50,asym_in5_out20,2,10,0.04,0.2,0.4300617054302983,0.03321433439850807,0.0047922274097800255,0.7058823704719543,7.935133508449178,0.0,0.0,0.0,7.50507180301888,1745.1151098212008,1.0,1.0
g,sphere0943g_crop.png,50,asym_in10_out20,5,10,0.1,0.2,0.4300617054302983,0.03321433439850807,0.0047922274097800255,0.7058823704719543,7.94300286297163,0.0,0.0,0.0,7.512941157541332,1746.9449296873008,1.0,1.0
g,sphere0943g_crop.png,50,asym_in14_out5,7,2,0.14,0.04,0.4300617054302983,0.03321433439850807,0.0047922274097800255,0.7058823704719543,4.15910172780853,0.0,0.0,0.0,3.729040022378231,867.0941809727374,1.0,1.0
g,sphere0943g_crop.png,50,asym_in20_out8,10,4,0.2,0.08,0.4300617054302983,0.03321433439850807,0.0047922274097800255,0.7058823704719543,5.1906819791857846,0.0,0.0,0.0,4.760620273755486,1106.9621437212706,1.0,1.0
g,sphere0943g_crop.png,50,asym_in14_out8,7,4,0.14,0.08,0.4300617054302983,0.03321433439850807,0.0047922274097800255,0.7058823704719543,5.188332984461483,0.0,0.0,0.0,4.7582712790311845,1106.4159442585792,1.0,1.0
g,sphere1080g_crop.png,49,fixed_15px,15,15,0.30612244897959184,0.30612244897959184,0.454178404814795,0.04872298985719681,0.007700158283114433,0.8509804010391235,1.455480309880814,2.037064739113248e-09,1.1014860135105664e-09,0.001027705380693078,1.001301905066019,220.46444622886247,0.9999999581908922,0.9999998569528089
g,sphere1080g_crop.png,49,fixed_25px,25,25,0.5102040816326531,0.5102040816326531,0.454178404814795,0.04872298985719681,0.007700158283114433,0.8509804010391235,1.220742465691774,0.004647501278668642,0.0013325628824532032,0.43921568989753723,0.766564060876979,168.78038514173053,0.9046137913069354,0.8269434427893045
g,sphere1080g_crop.png,49,fixed_35px,35,35,0.7142857142857143,0.7142857142857143,0.454178404814795,0.04872298985719681,0.007700158283114433,0.8509804010391235,0.9234541117650653,0.023285608738660812,0.0044827633537352085,0.6515718698501587,0.4692757069502703,103.32409070431953,0.522081694762389,0.4178349082037188
g,sphere1080g_crop.png,49,prop_5pct,2,2,0.04081632653061224,0.04081632653061224,0.454178404814795,0.04872298985719681,0.007700158283114433,0.8509804010391235,1.7502543582138221,0.0,0.0,0.0,1.2960759533990271,285.3671464030839,1.0,1.0
g,sphere1080g_crop.png,49,prop_8pct,3,3,0.061224489795918366,0.061224489795918366,0.454178404814795,0.04872298985719681,0.007700158283114433,0.8509804010391235,1.7841742070622173,0.0,0.0,0.0,1.3299958022474223,292.8355439510094,1.0,1.0
g,sphere1080g_crop.png,49,prop_10pct,4,4,0.08163265306122448,0.08163265306122448,0.454178404814795,0.04872298985719681,0.007700158283114433,0.8509804010391235,1.7716936035610091,0.0,0.0,0.0,1.3175151987462141,290.08759218384034,1.0,1.0
g,sphere1080g_crop.png,49,prop_14pct,6,6,0.12244897959183673,0.12244897959183673,0.454178404814795,0.04872298985719681,0.007700158283114433,0.8509804010391235,1.6879996163086388,0.0,0.0,0.0,1.2338212114938438,271.6600345621831,1.0,1.0
g,sphere1080g_crop.png,49,prop_20pct,9,9,0.1836734693877551,0.1836734693877551,0.454178404814795,0.04872298985719681,0.007700158283114433,0.8509804010391235,1.6013470714343696,0.0,0.0,0.0,1.1471686666195746,252.58106824505833,1.0,1.0
g,sphere1080g_crop.png,49,prop_30pct,14,14,0.2857142857142857,0.2857142857142857,0.454178404814795,0.04872298985719681,0.007700158283114433,0.8509804010391235,1.4726870322888843,0.0,0.0,0.0,1.0185086274740893,224.25298443888303,1.0,1.0
g,sphere1080g_crop.png,49,asym_in5_out14,2,6,0.04081632653061224,0.12244897959183673,0.454178404814795,0.04872298985719681,0.007700158283114433,0.8509804010391235,1.680968659964429,0.0,0.0,0.0,1.226790255149634,270.11197409306476,1.0,1.0
g,sphere1080g_crop.png,49,asym_in8_out14,3,6,0.061224489795918366,0.12244897959183673,0.454178404814795,0.04872298985719681,0.007700158283114433,0.8509804010391235,1.686247628918129,0.0,0.0,0.0,1.232069224103334,271.2742858405493,1.0,1.0
g,sphere1080g_crop.png,49,asym_in5_out20,2,9,0.04081632653061224,0.1836734693877551,0.454178404814795,0.04872298985719681,0.007700158283114433,0.8509804010391235,1.5997765798163355,0.0,0.0,0.0,1.1455981750015405,252.23528086252645,1.0,1.0
g,sphere1080g_crop.png,49,asym_in10_out20,4,9,0.08163265306122448,0.1836734693877551,0.454178404814795,0.04872298985719681,0.007700158283114433,0.8509804010391235,1.6058415757006919,0.0,0.0,0.0,1.1516631708858969,253.57065828691756,1.0,1.0
g,sphere1080g_crop.png,49,asym_in14_out5,6,2,0.12244897959183673,0.04081632653061224,0.454178404814795,0.04872298985719681,0.007700158283114433,0.8509804010391235,1.7578611738569778,0.0,0.0,0.0,1.3036827690421828,287.04199830324364,1.0,1.0
g,sphere1080g_crop.png,49,asym_in20_out8,9,3,0.1836734693877551,0.061224489795918366,0.454178404814795,0.04872298985719681,0.007700158283114433,0.8509804010391235,1.7808061539788504,0.0,0.0,0.0,1.3266277491640555,292.0939734475108,1.0,1.0
g,sphere1080g_crop.png,49,asym_in14_out8,6,3,0.12244897959183673,0.061224489795918366,0.454178404814795,0.04872298985719681,0.007700158283114433,0.8509804010391235,1.7865895259469027,0.0,0.0,0.0,1.3324111211321077,293.3673435388102,1.0,1.0
g,sphere1314g_crop.png,55,fixed_15px,15,15,0.2727272727272727,0.2727272727272727,0.414475962522406,0.04140923544764519,0.010044378228485584,0.7960784435272217,9.981201624189449,0.0,0.0,0.0,9.566725661667043,2308.14969424189,1.0,1.0
g,sphere1314g_crop.png,55,fixed_25px,25,25,0.45454545454545453,0.45454545454545453,0.414475962522406,0.04140923544764519,0.010044378228485584,0.7960784435272217,14.623439814928986,0.00018025111057795584,0.001035608584061265,0.0532691553235054,14.20896385240658,3428.175609010972,0.9956470794828884,0.896896695793045
g,sphere1314g_crop.png,55,fixed_35px,35,35,0.6363636363636364,0.6363636363636364,0.414475962522406,0.04140923544764519,0.010044378228485584,0.7960784435272217,1.1900340684616633,0.005802293308079243,0.00784438755363226,0.33649247884750366,0.7755581059392573,187.11775255177355,0.8598792456476227,0.2190270641754819
g,sphere1314g_crop.png,55,fixed_50px,50,50,0.9090909090909091,0.9090909090909091,0.414475962522406,0.04140923544764519,0.010044378228485584,0.7960784435272217,0.6963773900924618,0.03983531519770622,0.0172589011490345,0.7960784435272217,0.2819014275700558,68.01393881914602,0.038008918371094214,-0.7182647602903607
g,sphere1314g_crop.png,55,prop_5pct,2,2,0.03636363636363636,0.03636363636363636,0.414475962522406,0.04140923544764519,0.010044378228485584,0.7960784435272217,3.6496796909329428,0.0,0.0,0.0,3.2352037284105366,780.5527994245615,1.0,1.0
g,sphere1314g_crop.png,55,prop_8pct,4,4,0.07272727272727272,0.07272727272727272,0.414475962522406,0.04140923544764519,0.010044378228485584,0.7960784435272217,4.59340782118844,0.0,0.0,0.0,4.178931858666034,1008.2446840183469,1.0,1.0
g,sphere1314g_crop.png,55,prop_10pct,5,5,0.09090909090909091,0.09090909090909091,0.414475962522406,0.04140923544764519,0.010044378228485584,0.7960784435272217,5.064547910334513,0.0,0.0,0.0,4.650071947812107,1121.9159537052117,1.0,1.0
g,sphere1314g_crop.png,55,prop_14pct,7,7,0.12727272727272726,0.12727272727272726,0.414475962522406,0.04140923544764519,0.010044378228485584,0.7960784435272217,6.0141433506627315,0.0,0.0,0.0,5.599667388140325,1351.023435487556,1.0,1.0
g,sphere1314g_crop.png,55,prop_20pct,11,11,0.2,0.2,0.414475962522406,0.04140923544764519,0.010044378228485584,0.7960784435272217,7.860669222248783,0.0,0.0,0.0,7.4461932597263765,1796.5319905189544,1.0,1.0
g,sphere1314g_crop.png,55,prop_30pct,16,16,0.2909090909090909,0.2909090909090909,0.414475962522406,0.04140923544764519,0.010044378228485584,0.7960784435272217,10.461040620360318,0.0,0.0,0.0,10.046564657837912,2423.9197363091494,1.0,1.0
g,sphere1314g_crop.png,55,asym_in5_out14,2,7,0.03636363636363636,0.12727272727272726,0.414475962522406,0.04140923544764519,0.010044378228485584,0.7960784435272217,5.981387933956434,0.0,0.0,0.0,5.566911971434028,1343.1205847391182,1.0,1.0
g,sphere1314g_crop.png,55,asym_in8_out14,4,7,0.07272727272727272,0.12727272727272726,0.414475962522406,0.04140923544764519,0.010044378228485584,0.7960784435272217,5.9982910404606935,0.0,0.0,0.0,5.583815077938287,1347.1987721450637,1.0,1.0
g,sphere1314g_crop.png,55,asym_in5_out20,2,11,0.03636363636363636,0.2,0.414475962522406,0.04140923544764519,0.010044378228485584,0.7960784435272217,7.799650428387647,0.0,0.0,0.0,7.385174465865241,1781.8100767341866,1.0,1.0
g,sphere1314g_crop.png,55,asym_in10_out20,5,11,0.09090909090909091,0.2,0.414475962522406,0.04140923544764519,0.010044378228485584,0.7960784435272217,7.829408847690796,0.0,0.0,0.0,7.4149328851683896,1788.9898463695704,1.0,1.0
g,sphere1314g_crop.png,55,asym_in14_out5,7,2,0.12727272727272726,0.03636363636363636,0.414475962522406,0.04140923544764519,0.010044378228485584,0.7960784435272217,3.668141322324406,0.0,0.0,0.0,3.253665359802,785.0070098157047,1.0,1.0
g,sphere1314g_crop.png,55,asym_in20_out8,11,4,0.2,0.07272727272727272,0.414475962522406,0.04140923544764519,0.010044378228485584,0.7960784435272217,4.612080548557928,0.0,0.0,0.0,4.197604586035522,1012.74982522264,1.0,1.0
g,sphere1314g_crop.png,55,asym_in14_out8,7,4,0.12727272727272726,0.07272727272727272,0.414475962522406,0.04140923544764519,0.010044378228485584,0.7960784435272217,4.607410191273534,0.0,0.0,0.0,4.1929342287511275,1011.6230150559005,1.0,1.0
v,sphere0086v_crop.png,124,fixed_15px,15,15,0.12096774193548387,0.12096774193548387,0.7349181146767315,0.02988489903509617,0.011950927786529064,0.9176470637321472,0.9135431429645808,0.0,0.0,0.0,0.17862502828784932,24.305432771434834,1.0,1.0
v,sphere0086v_crop.png,124,fixed_25px,25,25,0.20161290322580644,0.20161290322580644,0.7349181146767315,0.02988489903509617,0.011950927786529064,0.9176470637321472,0.7995909363812971,0.0,0.0,0.0,0.06467282170456556,8.800003757291137,1.0,1.0
v,sphere0086v_crop.png,124,fixed_35px,35,35,0.28225806451612906,0.28225806451612906,0.7349181146767315,0.02988489903509617,0.011950927786529064,0.9176470637321472,0.7805164359669888,0.0,0.0,0.0,0.045598321290257315,6.204544476402606,1.0,1.0
v,sphere0086v_crop.png,124,fixed_50px,50,50,0.4032258064516129,0.4032258064516129,0.7349181146767315,0.02988489903509617,0.011950927786529064,0.9176470637321472,0.7543007971512584,0.0,0.0,0.0,0.019382682474526902,2.63739348472214,1.0,1.0
v,sphere0086v_crop.png,124,fixed_70px,70,70,0.5645161290322581,0.5645161290322581,0.7349181146767315,0.02988489903509617,0.011950927786529064,0.9176470637321472,0.7349182371682557,0.0,0.013379927724599838,0.0,1.2249152414600673e-07,1.6667370377703518e-05,1.0,-0.11957230129710306
v,sphere0086v_crop.png,124,prop_5pct,6,6,0.04838709677419355,0.04838709677419355,0.7349181146767315,0.02988489903509617,0.011950927786529064,0.9176470637321472,1.0945809345868958,0.0,0.0,0.0,0.35966281991016424,48.9391692390613,1.0,1.0
v,sphere0086v_crop.png,124,prop_8pct,9,9,0.07258064516129033,0.07258064516129033,0.7349181146767315,0.02988489903509617,0.011950927786529064,0.9176470637321472,1.0254596945632795,0.0,0.0,0.0,0.29054157988654794,39.533871064580914,1.0,1.0
v,sphere0086v_crop.png,124,prop_10pct,12,12,0.0967741935483871,0.0967741935483871,0.7349181146767315,0.02988489903509617,0.011950927786529064,0.9176470637321472,0.9624696766601697,0.0,0.0,0.0,0.22755156198343818,30.96284571561164,1.0,1.0
v,sphere0086v_crop.png,124,prop_14pct,17,17,0.13709677419354838,0.13709677419354838,0.7349181146767315,0.02988489903509617,0.011950927786529064,0.9176470637321472,0.8783597866667021,0.0,0.0,0.0,0.1434416719899706,19.51804821861906,1.0,1.0
v,sphere0086v_crop.png,124,prop_20pct,24,24,0.1935483870967742,0.1935483870967742,0.7349181146767315,0.02988489903509617,0.011950927786529064,0.9176470637321472,0.799697124921741,0.0,0.0,0.0,0.06477901024500954,8.814452787505976,1.0,1.0
v,sphere0086v_crop.png,124,prop_30pct,37,37,0.29838709677419356,0.29838709677419356,0.7349181146767315,0.02988489903509617,0.011950927786529064,0.9176470637321472,0.7707115052957858,0.0,0.0,0.0,0.03579339061905429,4.870391667349053,1.0,1.0
v,sphere0086v_crop.png,124,asym_in5_out14,6,17,0.04838709677419355,0.13709677419354838,0.7349181146767315,0.02988489903509617,0.011950927786529064,0.9176470637321472,0.8783597862343955,0.0,0.0,0.0,0.14344167155766396,19.51804815979528,1.0,1.0
v,sphere0086v_crop.png,124,asym_in8_out14,9,17,0.07258064516129033,0.13709677419354838,0.7349181146767315,0.02988489903509617,0.011950927786529064,0.9176470637321472,0.8783597896691419,0.0,0.0,0.0,0.14344167499241034,19.518048627159782,1.0,1.0
v,sphere0086v_crop.png,124,asym_in5_out20,6,24,0.04838709677419355,0.1935483870967742,0.7349181146767315,0.02988489903509617,0.011950927786529064,0.9176470637321472,0.7998235190969682,0.0,0.0,0.0,0.06490540442023673,8.831651189981443,1.0,1.0
v,sphere0086v_crop.png,124,asym_in10_out20,12,24,0.0967741935483871,0.1935483870967742,0.7349181146767315,0.02988489903509617,0.011950927786529064,0.9176470637321472,0.799697124921741,0.0,0.0,0.0,0.06477901024500954,8.814452787505976,1.0,1.0
v,sphere0086v_crop.png,124,asym_in14_out5,17,6,0.13709677419354838,0.04838709677419355,0.7349181146767315,0.02988489903509617,0.011950927786529064,0.9176470637321472,1.0945809320343147,0.0,0.0,0.0,0.3596628173575832,48.93916889173267,1.0,1.0
v,sphere0086v_crop.png,124,asym_in20_out8,24,9,0.1935483870967742,0.07258064516129033,0.7349181146767315,0.02988489903509617,0.011950927786529064,0.9176470637321472,1.0254596945632795,0.0,0.0,0.0,0.29054157988654794,39.533871064580914,1.0,1.0
v,sphere0086v_crop.png,124,asym_in14_out8,17,9,0.13709677419354838,0.07258064516129033,0.7349181146767315,0.02988489903509617,0.011950927786529064,0.9176470637321472,1.0254596945632795,0.0,0.0,0.0,0.29054157988654794,39.533871064580914,1.0,1.0
v,sphere0384v_crop.png,124,fixed_15px,15,15,0.12096774193548387,0.12096774193548387,0.7628812268982215,0.030433157458901405,0.010435093194246292,0.9333333373069763,0.9048754516223427,0.0,0.0,0.0,0.14199422472412127,18.612887526601202,1.0,1.0
v,sphere0384v_crop.png,124,fixed_25px,25,25,0.20161290322580644,0.20161290322580644,0.7628812268982215,0.030433157458901405,0.010435093194246292,0.9333333373069763,0.8249121419953986,0.0,0.0,0.0,0.062030915097177175,8.13113665798109,1.0,1.0
v,sphere0384v_crop.png,124,fixed_35px,35,35,0.28225806451612906,0.28225806451612906,0.7628812268982215,0.030433157458901405,0.010435093194246292,0.9333333373069763,0.7956091734026802,0.0,0.0,0.0,0.03272794650445876,4.290044813073517,1.0,1.0
v,sphere0384v_crop.png,124,fixed_50px,50,50,0.4032258064516129,0.4032258064516129,0.7628812268982215,0.030433157458901405,0.010435093194246292,0.9333333373069763,0.7734620203065865,0.0,0.0,0.0,0.010580793408365041,1.3869516033819849,1.0,1.0
v,sphere0384v_crop.png,124,fixed_70px,70,70,0.5645161290322581,0.5645161290322581,0.7628812268982215,0.030433157458901405,0.010435093194246292,0.9333333373069763,0.764673431065019,1.172025986306835e-05,0.012011809274554253,0.019607843831181526,0.0017922041667974842,0.2349257136768668,0.9996148851830805,-0.15109746036358662
v,sphere0384v_crop.png,124,prop_5pct,6,6,0.04838709677419355,0.04838709677419355,0.7628812268982215,0.030433157458901405,0.010435093194246292,0.9333333373069763,1.040710764893986,0.0,0.0,0.0,0.2778295379957645,36.41845259784203,1.0,1.0
v,sphere0384v_crop.png,124,prop_8pct,9,9,0.07258064516129033,0.07258064516129033,0.7628812268982215,0.030433157458901405,0.010435093194246292,0.9333333373069763,0.9922749664935018,0.0,0.0,0.0,0.2293937395952803,30.069391080439377,1.0,1.0
v,sphere0384v_crop.png,124,prop_10pct,12,12,0.0967741935483871,0.0967741935483871,0.7628812268982215,0.030433157458901405,0.010435093194246292,0.9333333373069763,0.9420708035561761,0.0,0.0,0.0,0.17918957665795465,23.488528795827992,1.0,1.0
v,sphere0384v_crop.png,124,prop_14pct,17,17,0.13709677419354838,0.13709677419354838,0.7628812268982215,0.030433157458901405,0.010435093194246292,0.9333333373069763,0.8886004568032343,0.0,0.0,0.0,0.12571922990501283,16.47952859138654,1.0,1.0
v,sphere0384v_crop.png,124,prop_20pct,24,24,0.1935483870967742,0.1935483870967742,0.7628812268982215,0.030433157458901405,0.010435093194246292,0.9333333373069763,0.8343042601303428,0.0,0.0,0.0,0.07142303323212129,9.362274324473589,1.0,1.0
v,sphere0384v_crop.png,124,prop_30pct,37,37,0.29838709677419356,0.29838709677419356,0.7628812268982215,0.030433157458901405,0.010435093194246292,0.9333333373069763,0.794906420883889,0.0,0.0,0.0,0.0320251939856675,4.197926604627288,1.0,1.0
v,sphere0384v_crop.png,124,asym_in5_out14,6,17,0.04838709677419355,0.13709677419354838,0.7628812268982215,0.030433157458901405,0.010435093194246292,0.9333333373069763,0.8901020755374784,0.0,0.0,0.0,0.12722084863925698,16.676363784244746,1.0,1.0
v,sphere0384v_crop.png,124,asym_in8_out14,9,17,0.07258064516129033,0.13709677419354838,0.7628812268982215,0.030433157458901405,0.010435093194246292,0.9333333373069763,0.8900768905095305,0.0,0.0,0.0,0.12719566361130907,16.673062480311717,1.0,1.0
v,sphere0384v_crop.png,124,asym_in5_out20,6,24,0.04838709677419355,0.1935483870967742,0.7628812268982215,0.030433157458901405,0.010435093194246292,0.9333333373069763,0.8380644147973827,0.0,0.0,0.0,0.07518318789916123,9.855162933402694,1.0,1.0
v,sphere0384v_crop.png,124,asym_in10_out20,12,24,0.0967741935483871,0.1935483870967742,0.7628812268982215,0.030433157458901405,0.010435093194246292,0.9333333373069763,0.8368098637008687,0.0,0.0,0.0,0.07392863680264727,9.690713861610117,1.0,1.0
v,sphere0384v_crop.png,124,asym_in14_out5,17,6,0.13709677419354838,0.04838709677419355,0.7628812268982215,0.030433157458901405,0.010435093194246292,0.9333333373069763,1.039985847131105,0.0,0.0,0.0,0.2771046202328835,36.32342892478241,1.0,1.0
v,sphere0384v_crop.png,124,asym_in20_out8,24,9,0.1935483870967742,0.07258064516129033,0.7628812268982215,0.030433157458901405,0.010435093194246292,0.9333333373069763,0.9902617924685628,0.0,0.0,0.0,0.22738056557034136,29.805500194944102,1.0,1.0
v,sphere0384v_crop.png,124,asym_in14_out8,17,9,0.13709677419354838,0.07258064516129033,0.7628812268982215,0.030433157458901405,0.010435093194246292,0.9333333373069763,0.9914921879257407,0.0,0.0,0.0,0.2286109610275192,29.96678289712574,1.0,1.0
v,sphere0785v_crop.png,110,fixed_15px,15,15,0.13636363636363635,0.13636363636363635,0.7596068334148826,0.05096859112381935,0.0023463373072445393,0.9725490212440491,0.8933903097727784,0.0,0.0,0.0,0.1337834763578959,17.612200216322428,1.0,1.0
v,sphere0785v_crop.png,110,fixed_25px,25,25,0.22727272727272727,0.22727272727272727,0.7596068334148826,0.05096859112381935,0.0023463373072445393,0.9725490212440491,0.8556687292184455,0.0,0.0,0.0,0.09606189580356295,12.646265354368634,1.0,1.0
v,sphere0785v_crop.png,110,fixed_35px,35,35,0.3181818181818182,0.3181818181818182,0.7596068334148826,0.05096859112381935,0.0023463373072445393,0.9725490212440491,0.8231963278602723,0.0,0.0,0.0,0.06358949444538975,8.371369456948843,1.0,1.0
v,sphere0785v_crop.png,110,fixed_50px,50,50,0.45454545454545453,0.45454545454545453,0.7596068334148826,0.05096859112381935,0.0023463373072445393,0.9725490212440491,0.7962454588371498,3.4508994417592476e-07,0.0001123430993175134,0.010688155889511108,0.03663862542226726,4.823367011794106,0.9999932293607383,0.9521198000941112
v,sphere0785v_crop.png,110,fixed_70px,70,70,0.6363636363636364,0.6363636363636364,0.7596068334148826,0.05096859112381935,0.0023463373072445393,0.9725490212440491,0.7785066505772804,9.026275074575096e-05,0.002886694623157382,0.051450345665216446,0.01889981716239786,2.488105205351035,0.998229051485326,-0.23029822448990522
v,sphere0785v_crop.png,110,prop_5pct,5,5,0.045454545454545456,0.045454545454545456,0.7596068334148826,0.05096859112381935,0.0023463373072445393,0.9725490212440491,0.9135307426612038,0.0,0.0,0.0,0.15392390924632127,20.263628824182916,1.0,1.0
v,sphere0785v_crop.png,110,prop_8pct,8,8,0.07272727272727272,0.07272727272727272,0.7596068334148826,0.05096859112381935,0.0023463373072445393,0.9725490212440491,0.9027135143651193,0.0,0.0,0.0,0.1431066809502367,18.839572612437863,1.0,1.0
v,sphere0785v_crop.png,110,prop_10pct,11,11,0.1,0.1,0.7596068334148826,0.05096859112381935,0.0023463373072445393,0.9725490212440491,0.898956165834493,0.0,0.0,0.0,0.13934933241961045,18.344928756519035,1.0,1.0
v,sphere0785v_crop.png,110,prop_14pct,15,15,0.13636363636363635,0.13636363636363635,0.7596068334148826,0.05096859112381935,0.0023463373072445393,0.9725490212440491,0.8933903097727784,0.0,0.0,0.0,0.1337834763578959,17.612200216322428,1.0,1.0
v,sphere0785v_crop.png,110,prop_20pct,22,22,0.2,0.2,0.7596068334148826,0.05096859112381935,0.0023463373072445393,0.9725490212440491,0.8682748513568272,0.0,0.0,0.0,0.1086680179419447,14.305824166090975,1.0,1.0
v,sphere0785v_crop.png,110,prop_30pct,33,33,0.3,0.3,0.7596068334148826,0.05096859112381935,0.0023463373072445393,0.9725490212440491,0.8285249976645397,0.0,0.0,0.0,0.06891816424965713,9.072873125670705,1.0,1.0
v,sphere0785v_crop.png,110,asym_in5_out14,5,15,0.045454545454545456,0.13636363636363635,0.7596068334148826,0.05096859112381935,0.0023463373072445393,0.9725490212440491,0.8954405234360415,0.0,0.0,0.0,0.13583369002115897,17.88210480025648,1.0,1.0
v,sphere0785v_crop.png,110,asym_in8_out14,8,15,0.07272727272727272,0.13636363636363635,0.7596068334148826,0.05096859112381935,0.0023463373072445393,0.9725490212440491,0.8937706901270975,0.0,0.0,0.0,0.13416385671221498,17.662276168457964,1.0,1.0
v,sphere0785v_crop.png,110,asym_in5_out20,5,22,0.045454545454545456,0.2,0.7596068334148826,0.05096859112381935,0.0023463373072445393,0.9725490212440491,0.8712376027767204,0.0,0.0,0.0,0.1116307693618378,14.69586165516592,1.0,1.0
v,sphere0785v_crop.png,110,asym_in10_out20,11,22,0.1,0.2,0.7596068334148826,0.05096859112381935,0.0023463373072445393,0.9725490212440491,0.8702852469048983,0.0,0.0,0.0,0.11067841349001573,14.570486812559427,1.0,1.0
v,sphere0785v_crop.png,110,asym_in14_out5,15,5,0.13636363636363635,0.045454545454545456,0.7596068334148826,0.05096859112381935,0.0023463373072445393,0.9725490212440491,0.910087429378594,0.0,0.0,0.0,0.15048059596371144,19.810326782766296,1.0,1.0
v,sphere0785v_crop.png,110,asym_in20_out8,22,8,0.2,0.07272727272727272,0.7596068334148826,0.05096859112381935,0.0023463373072445393,0.9725490212440491,0.9013376236382227,0.0,0.0,0.0,0.14173079022334012,18.658440654907785,1.0,1.0
v,sphere0785v_crop.png,110,asym_in14_out8,15,8,0.13636363636363635,0.07272727272727272,0.7596068334148826,0.05096859112381935,0.0023463373072445393,0.9725490212440491,0.9018503415010997,0.0,0.0,0.0,0.1422435080862171,18.725938449862056,1.0,1.0
v,sphere0929v_crop.png,110,fixed_15px,15,15,0.13636363636363635,0.13636363636363635,0.7758865177788001,0.04119277000427246,0.006357994861900806,0.9647058844566345,0.9619870302474949,0.0,0.0,0.0,0.18610051246869475,23.985532446350707,1.0,1.0
v,sphere0929v_crop.png,110,fixed_25px,25,25,0.22727272727272727,0.22727272727272727,0.7758865177788001,0.04119277000427246,0.006357994861900806,0.9647058844566345,0.8859112081368976,0.0,0.0,0.0,0.11002469035809748,14.180513237048508,1.0,1.0
v,sphere0929v_crop.png,110,fixed_35px,35,35,0.3181818181818182,0.3181818181818182,0.7758865177788001,0.04119277000427246,0.006357994861900806,0.9647058844566345,0.8318384873466896,0.0,0.0,0.0,0.055951969567889503,7.211359945790554,1.0,1.0
v,sphere0929v_crop.png,110,fixed_50px,50,50,0.45454545454545453,0.45454545454545453,0.7758865177788001,0.04119277000427246,0.006357994861900806,0.9647058844566345,0.8049820176428419,8.263357642590563e-08,0.0002488024183548987,0.006588292773813009,0.029095499864041807,3.74996848087219,0.999997993978642,0.9608677855583363
v,sphere0929v_crop.png,110,fixed_70px,70,70,0.6363636363636364,0.6363636363636364,0.7758865177788001,0.04119277000427246,0.006357994861900806,0.9647058844566345,0.7840634133259976,1.108375727199018e-05,0.006831712555140257,0.0313725508749485,0.008176895547197471,1.0538777720492172,0.9997309295473249,-0.07450740422552449
v,sphere0929v_crop.png,110,prop_5pct,5,5,0.045454545454545456,0.045454545454545456,0.7758865177788001,0.04119277000427246,0.006357994861900806,0.9647058844566345,1.0369534423810935,0.0,0.0,0.0,0.2610669246022934,33.64756554214566,1.0,1.0
v,sphere0929v_crop.png,110,prop_8pct,8,8,0.07272727272727272,0.07272727272727272,0.7758865177788001,0.04119277000427246,0.006357994861900806,0.9647058844566345,1.0139882489163412,0.0,0.0,0.0,0.23810173113754107,30.687700544040414,1.0,1.0
v,sphere0929v_crop.png,110,prop_10pct,11,11,0.1,0.1,0.7758865177788001,0.04119277000427246,0.006357994861900806,0.9647058844566345,0.9934371743008237,0.0,0.0,0.0,0.21755065652202354,28.038978837372415,1.0,1.0
v,sphere0929v_crop.png,110,prop_14pct,15,15,0.13636363636363635,0.13636363636363635,0.7758865177788001,0.04119277000427246,0.006357994861900806,0.9647058844566345,0.9619870302474949,0.0,0.0,0.0,0.18610051246869475,23.985532446350707,1.0,1.0
v,sphere0929v_crop.png,110,prop_20pct,22,22,0.2,0.2,0.7758865177788001,0.04119277000427246,0.006357994861900806,0.9647058844566345,0.9079253060789119,0.0,0.0,0.0,0.13203878830011173,17.01779645277392,1.0,1.0
v,sphere0929v_crop.png,110,prop_30pct,33,33,0.3,0.3,0.7758865177788001,0.04119277000427246,0.006357994861900806,0.9647058844566345,0.8399191278573563,0.0,0.0,0.0,0.0640326100785562,8.252831904060931,1.0,1.0
v,sphere0929v_crop.png,110,asym_in5_out14,5,15,0.045454545454545456,0.13636363636363635,0.7758865177788001,0.04119277000427246,0.006357994861900806,0.9647058844566345,0.9620636181141666,0.0,0.0,0.0,0.1861771003353665,23.99540346033494,1.0,1.0
v,sphere0929v_crop.png,110,asym_in8_out14,8,15,0.07272727272727272,0.13636363636363635,0.7758865177788001,0.04119277000427246,0.006357994861900806,0.9647058844566345,0.9620187320283655,0.0,0.0,0.0,0.1861322142495654,23.989618324909518,1.0,1.0
v,sphere0929v_crop.png,110,asym_in5_out20,5,22,0.045454545454545456,0.2,0.7758865177788001,0.04119277000427246,0.006357994861900806,0.9647058844566345,0.9082588371598767,0.0,0.0,0.0,0.13237231938107652,17.060783548608452,1.0,1.0
v,sphere0929v_crop.png,110,asym_in10_out20,11,22,0.1,0.2,0.7758865177788001,0.04119277000427246,0.006357994861900806,0.9647058844566345,0.90815836235312,0.0,0.0,0.0,0.13227184457431984,17.047833870471976,1.0,1.0
v,sphere0929v_crop.png,110,asym_in14_out5,15,5,0.13636363636363635,0.045454545454545456,0.7758865177788001,0.04119277000427246,0.006357994861900806,0.9647058844566345,1.0369473381460974,0.0,0.0,0.0,0.2610608203672973,33.64677879887119,1.0,1.0
v,sphere0929v_crop.png,110,asym_in20_out8,22,8,0.2,0.07272727272727272,0.7758865177788001,0.04119277000427246,0.006357994861900806,0.9647058844566345,1.013836815366297,0.0,0.0,0.0,0.23795029758749697,30.668183057065953,1.0,1.0
v,sphere0929v_crop.png,110,asym_in14_out8,15,8,0.13636363636363635,0.07272727272727272,0.7758865177788001,0.04119277000427246,0.006357994861900806,0.9647058844566345,1.0139882540517322,0.0,0.0,0.0,0.23810173627293207,30.687701205914397,1.0,1.0
v,sphere1074v_crop.png,106,fixed_15px,15,15,0.14150943396226415,0.14150943396226415,0.8122278467876837,0.04405912384390831,0.012212800793349743,0.9647058844566345,1.2099539511676078,0.0,0.0,0.0,0.3977261043799242,48.967307135911305,1.0,1.0
v,sphere1074v_crop.png,106,fixed_25px,25,25,0.2358490566037736,0.2358490566037736,0.8122278467876837,0.04405912384390831,0.012212800793349743,0.9647058844566345,1.0472385115209883,0.0,0.0,0.0,0.23501066473330467,28.93408120181534,1.0,1.0
v,sphere1074v_crop.png,106,fixed_35px,35,35,0.330188679245283,0.330188679245283,0.8122278467876837,0.04405912384390831,0.012212800793349743,0.9647058844566345,0.9552472192189216,0.0,0.0,0.0,0.14301937243123797,17.60828233073659,1.0,1.0
v,sphere1074v_crop.png,106,fixed_50px,50,50,0.4716981132075472,0.4716981132075472,0.8122278467876837,0.04405912384390831,0.012212800793349743,0.9647058844566345,0.8597190371816332,3.3138722321801595e-10,0.0020916748326271772,0.0016766507178544998,0.047491190393949556,5.847028094613425,0.999999992478579,0.8287309464863981
v,sphere1074v_crop.png,106,fixed_70px,70,70,0.660377358490566,0.660377358490566,0.8122278467876837,0.04405912384390831,0.012212800793349743,0.9647058844566345,0.8288664665958068,0.00010281711729476228,0.015065379440784454,0.0754384770989418,0.01663861980812309,2.048516296742092,0.9976663830706435,-0.23357284669606915
v,sphere1074v_crop.png,106,prop_5pct,5,5,0.04716981132075472,0.04716981132075472,0.8122278467876837,0.04405912384390831,0.012212800793349743,0.9647058844566345,1.5386447390106948,0.0,0.0,0.0,0.7264168922230111,89.43511295456686,1.0,1.0
v,sphere1074v_crop.png,106,prop_8pct,8,8,0.07547169811320754,0.07547169811320754,0.8122278467876837,0.04405912384390831,0.012212800793349743,0.9647058844566345,1.4029170058962377,0.0,0.0,0.0,0.590689159108554,72.72456385787524,1.0,1.0
v,sphere1074v_crop.png,106,prop_10pct,10,10,0.09433962264150944,0.09433962264150944,0.8122278467876837,0.04405912384390831,0.012212800793349743,0.9647058844566345,1.32949943466176,0.0,0.0,0.0,0.5172715878740762,63.68552739478914,1.0,1.0
v,sphere1074v_crop.png,106,prop_14pct,14,14,0.1320754716981132,0.1320754716981132,0.8122278467876837,0.04405912384390831,0.012212800793349743,0.9647058844566345,1.2251709345466324,0.0,0.0,0.0,0.4129430877589487,50.84079416780843,1.0,1.0
v,sphere1074v_crop.png,106,prop_20pct,21,21,0.19811320754716982,0.19811320754716982,0.8122278467876837,0.04405912384390831,0.012212800793349743,0.9647058844566345,1.1084395281337476,0.0,0.0,0.0,0.2962116813460639,36.46903790821316,1.0,1.0
v,sphere1074v_crop.png,106,prop_30pct,31,31,0.29245283018867924,0.29245283018867924,0.8122278467876837,0.04405912384390831,0.012212800793349743,0.9647058844566345,0.9769527705298667,0.0,0.0,0.0,0.16472492374218306,20.280629923445872,1.0,1.0
v,sphere1074v_crop.png,106,asym_in5_out14,5,14,0.04716981132075472,0.1320754716981132,0.8122278467876837,0.04405912384390831,0.012212800793349743,0.9647058844566345,1.2251709345466324,0.0,0.0,0.0,0.4129430877589487,50.84079416780843,1.0,1.0
v,sphere1074v_crop.png,106,asym_in8_out14,8,14,0.07547169811320754,0.1320754716981132,0.8122278467876837,0.04405912384390831,0.012212800793349743,0.9647058844566345,1.2251709345466324,0.0,0.0,0.0,0.4129430877589487,50.84079416780843,1.0,1.0
v,sphere1074v_crop.png,106,asym_in5_out20,5,21,0.04716981132075472,0.19811320754716982,0.8122278467876837,0.04405912384390831,0.012212800793349743,0.9647058844566345,1.1084395132660578,0.0,0.0,0.0,0.29621166647837416,36.46903607773052,1.0,1.0
v,sphere1074v_crop.png,106,asym_in10_out20,10,21,0.09433962264150944,0.19811320754716982,0.8122278467876837,0.04405912384390831,0.012212800793349743,0.9647058844566345,1.1084395132660578,0.0,0.0,0.0,0.29621166647837416,36.46903607773052,1.0,1.0
v,sphere1074v_crop.png,106,asym_in14_out5,14,5,0.1320754716981132,0.04716981132075472,0.8122278467876837,0.04405912384390831,0.012212800793349743,0.9647058844566345,1.5386454477576894,0.0,0.0,0.0,0.7264176009700057,89.43520021419448,1.0,1.0
v,sphere1074v_crop.png,106,asym_in20_out8,21,8,0.19811320754716982,0.07547169811320754,0.8122278467876837,0.04405912384390831,0.012212800793349743,0.9647058844566345,1.4029170058962377,0.0,0.0,0.0,0.590689159108554,72.72456385787524,1.0,1.0
v,sphere1074v_crop.png,106,asym_in14_out8,14,8,0.1320754716981132,0.07547169811320754,0.8122278467876837,0.04405912384390831,0.012212800793349743,0.9647058844566345,1.4029170058962377,0.0,0.0,0.0,0.590689159108554,72.72456385787524,1.0,1.0
v,sphere1325v_crop.png,118,fixed_15px,15,15,0.1271186440677966,0.1271186440677966,0.9286451092528414,0.04342886805534363,0.006166354287415743,0.9529411792755127,1.1024163113945893,0.0,0.0,0.0,0.1737712021417479,18.712336974623035,1.0,1.0
v,sphere1325v_crop.png,118,fixed_25px,25,25,0.211864406779661,0.211864406779661,0.9286451092528414,0.04342886805534363,0.006166354287415743,0.9529411792755127,1.0109882284337606,0.0,0.0,0.0,0.08234311918091919,8.86701694333693,1.0,1.0
v,sphere1325v_crop.png,118,fixed_35px,35,35,0.2966101694915254,0.2966101694915254,0.9286451092528414,0.04342886805534363,0.006166354287415743,0.9529411792755127,0.9745339365592296,0.0,0.0,0.0,0.045888827306388214,4.941481611130103,1.0,1.0
v,sphere1325v_crop.png,118,fixed_50px,50,50,0.423728813559322,0.423728813559322,0.9286451092528414,0.04342886805534363,0.006166354287415743,0.9529411792755127,0.9386825802856049,6.233916161058062e-12,1.437170169538149e-07,0.00019494119624141604,0.010037471032763534,1.0808726533690967,0.9999999998564568,0.9999766933571678
v,sphere1325v_crop.png,118,fixed_70px,70,70,0.5932203389830508,0.5932203389830508,0.9286451092528414,0.04342886805534363,0.006166354287415743,0.9529411792755127,0.93265491713812,4.794372671312885e-06,0.006836286745965481,0.023395022377371788,0.0040098078852786045,0.43179120261611775,0.999889604014887,-0.10864319942124179
v,sphere1325v_crop.png,118,prop_5pct,5,5,0.0423728813559322,0.0423728813559322,0.9286451092528414,0.04342886805534363,0.006166354287415743,0.9529411792755127,1.225782771490108,0.0,0.0,0.0,0.29713766223726656,31.996901644841934,1.0,1.0
v,sphere1325v_crop.png,118,prop_8pct,9,9,0.07627118644067797,0.07627118644067797,0.9286451092528414,0.04342886805534363,0.006166354287415743,0.9529411792755127,1.1690534579864753,0.0,0.0,0.0,0.24040834873363393,25.888075685560754,1.0,1.0
v,sphere1325v_crop.png,118,prop_10pct,11,11,0.09322033898305085,0.09322033898305085,0.9286451092528414,0.04342886805534363,0.006166354287415743,0.9529411792755127,1.1461223433106569,0.0,0.0,0.0,0.2174772340578155,23.41876696392563,1.0,1.0
v,sphere1325v_crop.png,118,prop_14pct,16,16,0.13559322033898305,0.13559322033898305,0.9286451092528414,0.04342886805534363,0.006166354287415743,0.9529411792755127,1.0994468207216728,0.0,0.0,0.0,0.17080171146883139,18.39257104430917,1.0,1.0
v,sphere1325v_crop.png,118,prop_20pct,23,23,0.19491525423728814,0.19491525423728814,0.9286451092528414,0.04342886805534363,0.006166354287415743,0.9529411792755127,1.0221778939397188,0.0,0.0,0.0,0.09353278468687742,10.071962233466234,1.0,1.0
v,sphere1325v_crop.png,118,prop_30pct,35,35,0.2966101694915254,0.2966101694915254,0.9286451092528414,0.04342886805534363,0.006166354287415743,0.9529411792755127,0.9745339365592296,0.0,0.0,0.0,0.045888827306388214,4.941481611130103,1.0,1.0
v,sphere1325v_crop.png,118,asym_in5_out14,5,16,0.0423728813559322,0.13559322033898305,0.9286451092528414,0.04342886805534363,0.006166354287415743,0.9529411792755127,1.0840023563035512,0.0,0.0,0.0,0.15535724705070986,16.729452995849556,1.0,1.0
v,sphere1325v_crop.png,118,asym_in8_out14,9,16,0.07627118644067797,0.13559322033898305,0.9286451092528414,0.04342886805534363,0.006166354287415743,0.9529411792755127,1.0994468501021515,0.0,0.0,0.0,0.1708017408493101,18.392574208109682,1.0,1.0
v,sphere1325v_crop.png,118,asym_in5_out20,5,23,0.0423728813559322,0.19491525423728814,0.9286451092528414,0.04342886805534363,0.006166354287415743,0.9529411792755127,1.0205035939499223,0.0,0.0,0.0,0.09185848469708091,9.891667309914263,1.0,1.0
v,sphere1325v_crop.png,118,asym_in10_out20,11,23,0.09322033898305085,0.19491525423728814,0.9286451092528414,0.04342886805534363,0.006166354287415743,0.9529411792755127,1.0222375909248105,0.0,0.0,0.0,0.0935924816719691,10.078390629469924,1.0,1.0
v,sphere1325v_crop.png,118,asym_in14_out5,16,5,0.13559322033898305,0.0423728813559322,0.9286451092528414,0.04342886805534363,0.006166354287415743,0.9529411792755127,1.2263023398106498,0.0,0.0,0.0,0.29765723055780846,32.0528507168141,1.0,1.0
v,sphere1325v_crop.png,118,asym_in20_out8,23,9,0.19491525423728814,0.07627118644067797,0.9286451092528414,0.04342886805534363,0.006166354287415743,0.9529411792755127,1.1690534605659466,0.0,0.0,0.0,0.24040835131310523,25.888075963327932,1.0,1.0
v,sphere1325v_crop.png,118,asym_in14_out8,16,9,0.13559322033898305,0.07627118644067797,0.9286451092528414,0.04342886805534363,0.006166354287415743,0.9529411792755127,1.1690534589394739,0.0,0.0,0.0,0.2404083496866325,25.888075788183222,1.0,1.0
m,sphere0080m_crop.png,33,fixed_15px,15,15,0.45454545454545453,0.45454545454545453,nan,0.040519677102565765,0.010011301375925541,0.772549033164978,11.303067931932873,0.006385555025190115,0.0010668050963431597,0.2667081654071808,nan,nan,0.8424085411878622,0.893439917920308
m,sphere0080m_crop.png,33,fixed_25px,25,25,0.7575757575757576,0.7575757575757576,nan,0.040519677102565765,0.010011301375925541,0.772549033164978,14.368652335708404,0.030710140243172646,0.005992724560201168,0.725507378578186,nan,nan,0.24209316462622965,0.4014040397772819
m,sphere0080m_crop.png,33,prop_5pct,1,1,0.030303030303030304,0.030303030303030304,nan,0.040519677102565765,0.010011301375925541,0.772549033164978,3.339834207319006,0.0,0.0,0.0,nan,nan,1.0,1.0
m,sphere0080m_crop.png,33,prop_8pct,2,2,0.06060606060606061,0.06060606060606061,nan,0.040519677102565765,0.010011301375925541,0.772549033164978,3.8538296402986196,0.0,0.0,0.0,nan,nan,1.0,1.0
m,sphere0080m_crop.png,33,prop_10pct,3,3,0.09090909090909091,0.09090909090909091,nan,0.040519677102565765,0.010011301375925541,0.772549033164978,4.350370176442974,0.0,0.0,0.0,nan,nan,1.0,1.0
m,sphere0080m_crop.png,33,prop_14pct,4,4,0.12121212121212122,0.12121212121212122,nan,0.040519677102565765,0.010011301375925541,0.772549033164978,4.865176323148297,0.0,0.0,0.0,nan,nan,1.0,1.0
m,sphere0080m_crop.png,33,prop_20pct,6,6,0.18181818181818182,0.18181818181818182,nan,0.040519677102565765,0.010011301375925541,0.772549033164978,5.924736976145117,0.0,0.0,0.0,nan,nan,1.0,1.0
m,sphere0080m_crop.png,33,prop_30pct,9,9,0.2727272727272727,0.2727272727272727,nan,0.040519677102565765,0.010011301375925541,0.772549033164978,7.612413414307955,3.284259219071828e-05,4.835465915675741e-06,0.034831222146749496,nan,nan,0.9991894655994522,0.9995169992657195
m,sphere0080m_crop.png,33,asym_in5_out14,1,4,0.030303030303030304,0.12121212121212122,nan,0.040519677102565765,0.010011301375925541,0.772549033164978,4.830423580716338,0.0,0.0,0.0,nan,nan,1.0,1.0
m,sphere0080m_crop.png,33,asym_in8_out14,2,4,0.06060606060606061,0.12121212121212122,nan,0.040519677102565765,0.010011301375925541,0.772549033164978,4.832360581402742,0.0,0.0,0.0,nan,nan,1.0,1.0
m,sphere0080m_crop.png,33,asym_in5_out20,1,6,0.030303030303030304,0.18181818181818182,nan,0.040519677102565765,0.010011301375925541,0.772549033164978,5.818460730394817,0.0,0.0,0.0,nan,nan,1.0,1.0
m,sphere0080m_crop.png,33,asym_in10_out20,3,6,0.09090909090909091,0.18181818181818182,nan,0.040519677102565765,0.010011301375925541,0.772549033164978,5.9019637444018045,0.0,0.0,0.0,nan,nan,1.0,1.0
m,sphere0080m_crop.png,33,asym_in14_out5,4,1,0.12121212121212122,0.030303030303030304,nan,0.040519677102565765,0.010011301375925541,0.772549033164978,3.3406415739210864,0.0,0.0,0.0,nan,nan,1.0,1.0
m,sphere0080m_crop.png,33,asym_in20_out8,6,2,0.18181818181818182,0.06060606060606061,nan,0.040519677102565765,0.010011301375925541,0.772549033164978,3.8538296402986196,0.0,0.0,0.0,nan,nan,1.0,1.0
m,sphere0080m_crop.png,33,asym_in14_out8,4,2,0.12121212121212122,0.06060606060606061,nan,0.040519677102565765,0.010011301375925541,0.772549033164978,3.8538296402986196,0.0,0.0,0.0,nan,nan,1.0,1.0
m,sphere0156m_crop.png,33,fixed_15px,15,15,0.45454545454545453,0.45454545454545453,nan,0.06388185918331146,0.026366638019680977,0.95686274766922,11.8580113533056,0.008891979232430458,0.001149644609540701,0.3417646884918213,nan,nan,0.8608058790694463,0.9563977550462609
m,sphere0156m_crop.png,33,fixed_25px,25,25,0.7575757575757576,0.7575757575757576,nan,0.06388185918331146,0.026366638019680977,0.95686274766922,13.581682024228503,0.05168477073311806,0.006480703596025705,0.9333333373069763,nan,nan,0.1909319579318033,0.7542081932786318
m,sphere0156m_crop.png,33,prop_5pct,1,1,0.030303030303030304,0.030303030303030304,nan,0.06388185918331146,0.026366638019680977,0.95686274766922,3.262860835967044,0.0,0.0,0.0,nan,nan,1.0,1.0
m,sphere0156m_crop.png,33,prop_8pct,2,2,0.06060606060606061,0.06060606060606061,nan,0.06388185918331146,0.026366638019680977,0.95686274766922,3.849404491559798,0.0,0.0,0.0,nan,nan,1.0,1.0
m,sphere0156m_crop.png,33,prop_10pct,3,3,0.09090909090909091,0.09090909090909091,nan,0.06388185918331146,0.026366638019680977,0.95686274766922,4.441436114812137,0.0,0.0,0.0,nan,nan,1.0,1.0
m,sphere0156m_crop.png,33,prop_14pct,4,4,0.12121212121212122,0.12121212121212122,nan,0.06388185918331146,0.026366638019680977,0.95686274766922,5.086065145086668,0.0,0.0,0.0,nan,nan,1.0,1.0
m,sphere0156m_crop.png,33,prop_20pct,6,6,0.18181818181818182,0.18181818181818182,nan,0.06388185918331146,0.026366638019680977,0.95686274766922,6.305868193658759,0.0,0.0,0.0,nan,nan,1.0,1.0
m,sphere0156m_crop.png,33,prop_30pct,9,9,0.2727272727272727,0.2727272727272727,nan,0.06388185918331146,0.026366638019680977,0.95686274766922,8.094484900211313,4.1621191485319287e-05,5.205127763474593e-06,0.0411122627556324,nan,nan,0.9993484661840244,0.999802586596001
m,sphere0156m_crop.png,33,asym_in5_out14,1,4,0.030303030303030304,0.12121212121212122,nan,0.06388185918331146,0.026366638019680977,0.95686274766922,4.947329451148777,0.0,0.0,0.0,nan,nan,1.0,1.0
m,sphere0156m_crop.png,33,asym_in8_out14,2,4,0.06060606060606061,0.12121212121212122,nan,0.06388185918331146,0.026366638019680977,0.95686274766922,4.98225213353885,0.0,0.0,0.0,nan,nan,1.0,1.0
m,sphere0156m_crop.png,33,asym_in5_out20,1,6,0.030303030303030304,0.18181818181818182,nan,0.06388185918331146,0.026366638019680977,0.95686274766922,6.0686999211305634,0.0,0.0,0.0,nan,nan,1.0,1.0
m,sphere0156m_crop.png,33,asym_in10_out20,3,6,0.09090909090909091,0.18181818181818182,nan,0.06388185918331146,0.026366638019680977,0.95686274766922,6.257737928935262,0.0,0.0,0.0,nan,nan,1.0,1.0
m,sphere0156m_crop.png,33,asym_in14_out5,4,1,0.12121212121212122,0.030303030303030304,nan,0.06388185918331146,0.026366638019680977,0.95686274766922,3.292538951549646,0.0,0.0,0.0,nan,nan,1.0,1.0
m,sphere0156m_crop.png,33,asym_in20_out8,6,2,0.18181818181818182,0.06060606060606061,nan,0.06388185918331146,0.026366638019680977,0.95686274766922,3.8765896836974143,0.0,0.0,0.0,nan,nan,1.0,1.0
m,sphere0156m_crop.png,33,asym_in14_out8,4,2,0.12121212121212122,0.06060606060606061,nan,0.06388185918331146,0.026366638019680977,0.95686274766922,3.8758326543532533,0.0,0.0,0.0,nan,nan,1.0,1.0
m,sphere0341m_crop.png,33,fixed_15px,15,15,0.45454545454545453,0.45454545454545453,nan,0.06676023453474045,0.027943026274442673,1.0,11.679543535429438,0.008337555453181267,0.0009930256055667996,0.3229914903640747,nan,nan,0.8751119508299121,0.9644624889296602
m,sphere0341m_crop.png,33,fixed_25px,25,25,0.7575757575757576,0.7575757575757576,nan,0.06676023453474045,0.027943026274442673,1.0,17.034555054223,0.05110651254653931,0.005619983654469252,0.95686274766922,nan,nan,0.23447673749641063,0.7988770579366553
m,sphere0341m_crop.png,33,prop_5pct,1,1,0.030303030303030304,0.030303030303030304,nan,0.06676023453474045,0.027943026274442673,1.0,3.309036084466177,0.0,0.0,0.0,nan,nan,1.0,1.0
m,sphere0341m_crop.png,33,prop_8pct,2,2,0.06060606060606061,0.06060606060606061,nan,0.06676023453474045,0.027943026274442673,1.0,3.886074977879561,0.0,0.0,0.0,nan,nan,1.0,1.0
m,sphere0341m_crop.png,33,prop_10pct,3,3,0.09090909090909091,0.09090909090909091,nan,0.06676023453474045,0.027943026274442673,1.0,4.465319232900262,0.0,0.0,0.0,nan,nan,1.0,1.0
m,sphere0341m_crop.png,33,prop_14pct,4,4,0.12121212121212122,0.12121212121212122,nan,0.06676023453474045,0.027943026274442673,1.0,5.053232746239971,0.0,0.0,0.0,nan,nan,1.0,1.0
m,sphere0341m_crop.png,33,prop_20pct,6,6,0.18181818181818182,0.18181818181818182,nan,0.06676023453474045,0.027943026274442673,1.0,6.258337663041295,0.0,0.0,0.0,nan,nan,1.0,1.0
m,sphere0341m_crop.png,33,prop_30pct,9,9,0.2727272727272727,0.2727272727272727,nan,0.06676023453474045,0.027943026274442673,1.0,8.062078531820358,4.098781573702581e-05,4.494128916121554e-06,0.037686239928007126,nan,nan,0.999386044461607,0.9998391681390562
m,sphere0341m_crop.png,33,asym_in5_out14,1,4,0.030303030303030304,0.12121212121212122,nan,0.06676023453474045,0.027943026274442673,1.0,4.91427316276001,0.0,0.0,0.0,nan,nan,1.0,1.0
m,sphere0341m_crop.png,33,asym_in8_out14,2,4,0.06060606060606061,0.12121212121212122,nan,0.06676023453474045,0.027943026274442673,1.0,4.962513052809604,0.0,0.0,0.0,nan,nan,1.0,1.0
m,sphere0341m_crop.png,33,asym_in5_out20,1,6,0.030303030303030304,0.18181818181818182,nan,0.06676023453474045,0.027943026274442673,1.0,5.9598396832537475,0.0,0.0,0.0,nan,nan,1.0,1.0
m,sphere0341m_crop.png,33,asym_in10_out20,3,6,0.09090909090909091,0.18181818181818182,nan,0.06676023453474045,0.027943026274442673,1.0,6.182395915782161,0.0,0.0,0.0,nan,nan,1.0,1.0
m,sphere0341m_crop.png,33,asym_in14_out5,4,1,0.12121212121212122,0.030303030303030304,nan,0.06676023453474045,0.027943026274442673,1.0,3.3620268038145267,0.0,0.0,0.0,nan,nan,1.0,1.0
m,sphere0341m_crop.png,33,asym_in20_out8,6,2,0.18181818181818182,0.06060606060606061,nan,0.06676023453474045,0.027943026274442673,1.0,3.941831820828203,0.0,0.0,0.0,nan,nan,1.0,1.0
m,sphere0341m_crop.png,33,asym_in14_out8,4,2,0.12121212121212122,0.06060606060606061,nan,0.06676023453474045,0.027943026274442673,1.0,3.932270877177724,0.0,0.0,0.0,nan,nan,1.0,1.0
m,sphere0415m_crop.png,33,fixed_15px,15,15,0.45454545454545453,0.45454545454545453,nan,0.06875946372747421,0.02703978680074215,1.0,11.37596889752123,0.00938472244888544,0.0009474612306803465,0.3409465253353119,nan,nan,0.8635137341082026,0.9649604770310415
m,sphere0415m_crop.png,33,fixed_25px,25,25,0.7575757575757576,0.7575757575757576,nan,0.06875946372747421,0.02703978680074215,1.0,17.495784891813834,0.05454183742403984,0.005356355104595423,0.9756523966789246,nan,nan,0.20677337391381423,0.8019083824859
m,sphere0415m_crop.png,33,prop_5pct,1,1,0.030303030303030304,0.030303030303030304,nan,0.06875946372747421,0.02703978680074215,1.0,2.9315468096114667,0.0,0.0,0.0,nan,nan,1.0,1.0
m,sphere0415m_crop.png,33,prop_8pct,2,2,0.06060606060606061,0.06060606060606061,nan,0.06875946372747421,0.02703978680074215,1.0,3.4782651161965603,0.0,0.0,0.0,nan,nan,1.0,1.0
m,sphere0415m_crop.png,33,prop_10pct,3,3,0.09090909090909091,0.09090909090909091,nan,0.06875946372747421,0.02703978680074215,1.0,4.0238749549436745,0.0,0.0,0.0,nan,nan,1.0,1.0
m,sphere0415m_crop.png,33,prop_14pct,4,4,0.12121212121212122,0.12121212121212122,nan,0.06875946372747421,0.02703978680074215,1.0,4.577268033068474,0.0,0.0,0.0,nan,nan,1.0,1.0
m,sphere0415m_crop.png,33,prop_20pct,6,6,0.18181818181818182,0.18181818181818182,nan,0.06875946372747421,0.02703978680074215,1.0,5.909742747297281,0.0,0.0,0.0,nan,nan,1.0,1.0
m,sphere0415m_crop.png,33,prop_30pct,9,9,0.2727272727272727,0.2727272727272727,nan,0.06875946372747421,0.02703978680074215,1.0,7.711508116515588,4.4799471652368084e-05,4.2896135710179806e-06,0.04168326407670975,nan,nan,0.9993484610085104,0.9998413591940414
m,sphere0415m_crop.png,33,asym_in5_out14,1,4,0.030303030303030304,0.12121212121212122,nan,0.06875946372747421,0.02703978680074215,1.0,4.511765675001136,0.0,0.0,0.0,nan,nan,1.0,1.0
m,sphere0415m_crop.png,33,asym_in8_out14,2,4,0.06060606060606061,0.12121212121212122,nan,0.06875946372747421,0.02703978680074215,1.0,4.537528060502152,0.0,0.0,0.0,nan,nan,1.0,1.0
m,sphere0415m_crop.png,33,asym_in5_out20,1,6,0.030303030303030304,0.18181818181818182,nan,0.06875946372747421,0.02703978680074215,1.0,5.575598502359005,0.0,0.0,0.0,nan,nan,1.0,1.0
m,sphere0415m_crop.png,33,asym_in10_out20,3,6,0.09090909090909091,0.18181818181818182,nan,0.06875946372747421,0.02703978680074215,1.0,5.757564562225255,0.0,0.0,0.0,nan,nan,1.0,1.0
m,sphere0415m_crop.png,33,asym_in14_out5,4,1,0.12121212121212122,0.030303030303030304,nan,0.06875946372747421,0.02703978680074215,1.0,2.955491923022893,0.0,0.0,0.0,nan,nan,1.0,1.0
m,sphere0415m_crop.png,33,asym_in20_out8,6,2,0.18181818181818182,0.06060606060606061,nan,0.06875946372747421,0.02703978680074215,1.0,3.5042790077307218,0.0,0.0,0.0,nan,nan,1.0,1.0
m,sphere0415m_crop.png,33,asym_in14_out8,4,2,0.12121212121212122,0.06060606060606061,nan,0.06875946372747421,0.02703978680074215,1.0,3.4974033482636178,0.0,0.0,0.0,nan,nan,1.0,1.0
m,sphere0748m_crop.png,33,fixed_15px,15,15,0.45454545454545453,0.45454545454545453,nan,0.06996557116508484,0.024959422647953033,0.9921568632125854,11.743688370562491,0.012075919657945633,0.0011137527180835605,0.4004831314086914,nan,nan,0.8274019713288366,0.9553774647036998
m,sphere0748m_crop.png,33,fixed_25px,25,25,0.7575757575757576,0.7575757575757576,nan,0.06996557116508484,0.024959422647953033,0.9921568632125854,12.226956922058463,0.05977930501103401,0.006281818728893995,0.9764705896377563,nan,nan,0.145589694823132,0.7483187484944016
m,sphere0748m_crop.png,33,prop_5pct,1,1,0.030303030303030304,0.030303030303030304,nan,0.06996557116508484,0.024959422647953033,0.9921568632125854,3.3432029952322546,0.0,0.0,0.0,nan,nan,1.0,1.0
m,sphere0748m_crop.png,33,prop_8pct,2,2,0.06060606060606061,0.06060606060606061,nan,0.06996557116508484,0.024959422647953033,0.9921568632125854,3.866064956321087,0.0,0.0,0.0,nan,nan,1.0,1.0
m,sphere0748m_crop.png,33,prop_10pct,3,3,0.09090909090909091,0.09090909090909091,nan,0.06996557116508484,0.024959422647953033,0.9921568632125854,4.481163651571713,0.0,0.0,0.0,nan,nan,1.0,1.0
m,sphere0748m_crop.png,33,prop_14pct,4,4,0.12121212121212122,0.12121212121212122,nan,0.06996557116508484,0.024959422647953033,0.9921568632125854,5.048247493167215,0.0,0.0,0.0,nan,nan,1.0,1.0
m,sphere0748m_crop.png,33,prop_20pct,6,6,0.18181818181818182,0.18181818181818182,nan,0.06996557116508484,0.024959422647953033,0.9921568632125854,6.194338431331985,0.0,0.0,0.0,nan,nan,1.0,1.0
m,sphere0748m_crop.png,33,prop_30pct,9,9,0.2727272727272727,0.2727272727272727,nan,0.06996557116508484,0.024959422647953033,0.9921568632125854,7.97186689090985,5.796218465548009e-05,5.0442436076991726e-06,0.051390327513217926,nan,nan,0.9991715613309478,0.9997979022320008
m,sphere0748m_crop.png,33,asym_in5_out14,1,4,0.030303030303030304,0.12121212121212122,nan,0.06996557116508484,0.024959422647953033,0.9921568632125854,4.974718929013767,0.0,0.0,0.0,nan,nan,1.0,1.0
m,sphere0748m_crop.png,33,asym_in8_out14,2,4,0.06060606060606061,0.12121212121212122,nan,0.06996557116508484,0.024959422647953033,0.9921568632125854,5.029819382261536,0.0,0.0,0.0,nan,nan,1.0,1.0
m,sphere0748m_crop.png,33,asym_in5_out20,1,6,0.030303030303030304,0.18181818181818182,nan,0.06996557116508484,0.024959422647953033,0.9921568632125854,6.089999426400611,0.0,0.0,0.0,nan,nan,1.0,1.0
m,sphere0748m_crop.png,33,asym_in10_out20,3,6,0.09090909090909091,0.18181818181818182,nan,0.06996557116508484,0.024959422647953033,0.9921568632125854,6.161385787516007,0.0,0.0,0.0,nan,nan,1.0,1.0
m,sphere0748m_crop.png,33,asym_in14_out5,4,1,0.12121212121212122,0.030303030303030304,nan,0.06996557116508484,0.024959422647953033,0.9921568632125854,3.351585516662789,0.0,0.0,0.0,nan,nan,1.0,1.0
m,sphere0748m_crop.png,33,asym_in20_out8,6,2,0.18181818181818182,0.06060606060606061,nan,0.06996557116508484,0.024959422647953033,0.9921568632125854,3.843124959048759,0.0,0.0,0.0,nan,nan,1.0,1.0
m,sphere0748m_crop.png,33,asym_in14_out8,4,2,0.12121212121212122,0.06060606060606061,nan,0.06996557116508484,0.024959422647953033,0.9921568632125854,3.8607093653469597,0.0,0.0,0.0,nan,nan,1.0,1.0
m,sphere0486m_crop.png,33,fixed_15px,15,15,0.45454545454545453,0.45454545454545453,nan,0.061189498752355576,0.023340996354818344,0.9215686321258545,11.39915340859072,0.010709308087825775,0.0012523371260613203,0.38493964076042175,nan,nan,0.82498127446397,0.9463460296628341
m,sphere0486m_crop.png,33,fixed_25px,25,25,0.7575757575757576,0.7575757575757576,nan,0.061189498752355576,0.023340996354818344,0.9215686321258545,13.524502126530216,0.05171055346727371,0.0070495447143912315,0.9137254953384399,nan,nan,0.15491130795898145,0.6979758444229407
m,sphere0486m_crop.png,33,prop_5pct,1,1,0.030303030303030304,0.030303030303030304,nan,0.061189498752355576,0.023340996354818344,0.9215686321258545,3.5839434016535994,0.0,0.0,0.0,nan,nan,1.0,1.0
m,sphere0486m_crop.png,33,prop_8pct,2,2,0.06060606060606061,0.06060606060606061,nan,0.061189498752355576,0.023340996354818344,0.9215686321258545,4.17744263667003,0.0,0.0,0.0,nan,nan,1.0,1.0
m,sphere0486m_crop.png,33,prop_10pct,3,3,0.09090909090909091,0.09090909090909091,nan,0.061189498752355576,0.023340996354818344,0.9215686321258545,4.7703861140171595,0.0,0.0,0.0,nan,nan,1.0,1.0
m,sphere0486m_crop.png,33,prop_14pct,4,4,0.12121212121212122,0.12121212121212122,nan,0.061189498752355576,0.023340996354818344,0.9215686321258545,5.43268898862087,0.0,0.0,0.0,nan,nan,1.0,1.0
m,sphere0486m_crop.png,33,prop_20pct,6,6,0.18181818181818182,0.18181818181818182,nan,0.061189498752355576,0.023340996354818344,0.9215686321258545,6.622295514469629,0.0,0.0,0.0,nan,nan,1.0,1.0
m,sphere0486m_crop.png,33,prop_30pct,9,9,0.2727272727272727,0.2727272727272727,nan,0.061189498752355576,0.023340996354818344,0.9215686321258545,8.463348492115724,5.283638529363088e-05,5.676447926816763e-06,0.050248321145772934,nan,nan,0.9991365122060001,0.9997568035296983
m,sphere0486m_crop.png,33,asym_in5_out14,1,4,0.030303030303030304,0.12121212121212122,nan,0.061189498752355576,0.023340996354818344,0.9215686321258545,5.304554403074798,0.0,0.0,0.0,nan,nan,1.0,1.0
m,sphere0486m_crop.png,33,asym_in8_out14,2,4,0.06060606060606061,0.12121212121212122,nan,0.061189498752355576,0.023340996354818344,0.9215686321258545,5.3282913056891505,0.0,0.0,0.0,nan,nan,1.0,1.0
m,sphere0486m_crop.png,33,asym_in5_out20,1,6,0.030303030303030304,0.18181818181818182,nan,0.061189498752355576,0.023340996354818344,0.9215686321258545,6.445866194810096,0.0,0.0,0.0,nan,nan,1.0,1.0
m,sphere0486m_crop.png,33,asym_in10_out20,3,6,0.09090909090909091,0.18181818181818182,nan,0.061189498752355576,0.023340996354818344,0.9215686321258545,6.586273691760881,0.0,0.0,0.0,nan,nan,1.0,1.0
m,sphere0486m_crop.png,33,asym_in14_out5,4,1,0.12121212121212122,0.030303030303030304,nan,0.061189498752355576,0.023340996354818344,0.9215686321258545,3.6182839958649797,0.0,0.0,0.0,nan,nan,1.0,1.0
m,sphere0486m_crop.png,33,asym_in20_out8,6,2,0.18181818181818182,0.06060606060606061,nan,0.061189498752355576,0.023340996354818344,0.9215686321258545,4.211111918248699,0.0,0.0,0.0,nan,nan,1.0,1.0
m,sphere0486m_crop.png,33,asym_in14_out8,4,2,0.12121212121212122,0.06060606060606061,nan,0.061189498752355576,0.023340996354818344,0.9215686321258545,4.201088625800917,0.0,0.0,0.0,nan,nan,1.0,1.0
