droplet_id,camera,cine_file,first_frame,last_frame,best_frame,dark_fraction,y_top,y_bottom,y_sphere,crop_size_px,crop_path,laplacian_var,tenengrad,tenengrad_var,brenner,norm_laplacian,energy_gradient
0223,v,sphere0223v.cine,-120,80,-86,0.23164941370487213,90,330,422,296,C:\Users\justi\Downloads\coursework\testing_4mm\Modular\OUTPUT\5mm-borosilicate\sphere0223v_crop.png,233.54987418161713,712059966.0,7578.486231860323,24482948.0,0.022687734401909836,16121054.0
0224,v,sphere0224v.cine,-440,-240,-407,0.23169824481010437,86,326,422,296,C:\Users\justi\Downloads\coursework\testing_4mm\Modular\OUTPUT\5mm-borosilicate\sphere0224v_crop.png,229.00796451333343,708344890.0,7534.740853615415,24215808.0,0.022322471096921974,15979084.0
0225,v,sphere0225v.cine,140,390,174,0.23131249845027924,93,332,423,296,C:\Users\justi\Downloads\coursework\testing_4mm\Modular\OUTPUT\5mm-borosilicate\sphere0225v_crop.png,239.39967422422617,723586552.0,7699.251166113218,24840388.0,0.02278313289736951,16424688.0
0226,v,sphere0226v.cine,620,1020,659,0.2314414083957672,87,326,422,296,C:\Users\justi\Downloads\coursework\testing_4mm\Modular\OUTPUT\5mm-borosilicate\sphere0226v_crop.png,232.55586878783168,714374670.0,7597.1994478084025,24282042.0,0.02232007928937884,16148228.0
0227,v,sphere0227v.cine,590,740,625,0.23154297471046448,96,336,423,296,C:\Users\justi\Downloads\coursework\testing_4mm\Modular\OUTPUT\5mm-borosilicate\sphere0227v_crop.png,209.1780816761088,703038568.0,7471.12126141784,23861281.0,0.019976034801319133,15486542.0
0228,v,sphere0228v.cine,790,1190,830,0.23143555223941803,97,336,423,296,C:\Users\justi\Downloads\coursework\testing_4mm\Modular\OUTPUT\5mm-borosilicate\sphere0228v_crop.png,240.27534835387155,729835128.0,7771.319546870056,24948709.0,0.022880937067010363,16541515.0
0229,v,sphere0229v.cine,1000,1300,1031,0.23142090439796448,90,327,422,296,C:\Users\justi\Downloads\coursework\testing_4mm\Modular\OUTPUT\5mm-borosilicate\sphere0229v_crop.png,233.57632094365638,715409266.0,7615.020818869335,24108536.0,0.022426173440567836,16183948.0
0230,v,sphere0230v.cine,-80,120,-51,0.23094139993190765,99,334,422,296,C:\Users\justi\Downloads\coursework\testing_4mm\Modular\OUTPUT\5mm-borosilicate\sphere0230v_crop.png,219.11337918132097,711304386.0,7563.183216920993,23786991.0,0.020080261411781996,15824485.0
0231,v,sphere0231v.cine,150,350,180,0.2313574254512787,97,331,422,296,C:\Users\justi\Downloads\coursework\testing_4mm\Modular\OUTPUT\5mm-borosilicate\sphere0231v_crop.png,216.83324930910337,703400432.0,7492.622729086768,23491437.0,0.02037227609740399,15651470.0
0232,v,sphere0232v.cine,760,910,790,0.23094628751277924,92,327,423,296,C:\Users\justi\Downloads\coursework\testing_4mm\Modular\OUTPUT\5mm-borosilicate\sphere0232v_crop.png,213.6521908315741,691221472.0,7338.135789110565,23032592.0,0.02050469189002866,15382318.0
0233,v,sphere0233v.cine,420,820,455,0.23107421398162842,94,330,423,296,C:\Users\justi\Downloads\coursework\testing_4mm\Modular\OUTPUT\5mm-borosilicate\sphere0233v_crop.png,228.65287818276062,694706056.0,7383.9653150699505,23444537.0,0.022378851728778452,15749192.0
0234,v,sphere0234v.cine,2300,2500,2328,0.23133398592472076,92,331,422,296,C:\Users\justi\Downloads\coursework\testing_4mm\Modular\OUTPUT\5mm-borosilicate\sphere0234v_crop.png,220.01087283489267,702474314.0,7469.782862065812,23946221.0,0.02088642452441129,15703560.0
0235,v,sphere0235v.cine,590,690,621,0.23154297471046448,87,326,422,296,C:\Users\justi\Downloads\coursework\testing_4mm\Modular\OUTPUT\5mm-borosilicate\sphere0235v_crop.png,195.8446608980913,676310934.0,7172.847610092594,22726370.0,0.01916556252497104,14789551.0
0236,v,sphere0236v.cine,1520,1720,1548,0.23154199123382568,92,329,422,296,C:\Users\justi\Downloads\coursework\testing_4mm\Modular\OUTPUT\5mm-borosilicate\sphere0236v_crop.png,188.0455717000198,673170852.0,7138.271835937078,22480016.0,0.01815206306536306,14582134.0
0237,v,sphere0237v.cine,940,1140,971,0.23151074349880219,94,333,422,296,C:\Users\justi\Downloads\coursework\testing_4mm\Modular\OUTPUT\5mm-borosilicate\sphere0237v_crop.png,229.95049076071888,708385286.0,7547.354261398526,24160023.0,0.02238799804644564,15993744.0
0238,v,sphere0238v.cine,1930,2130,1961,0.23164257407188416,96,335,422,296,C:\Users\justi\Downloads\coursework\testing_4mm\Modular\OUTPUT\5mm-borosilicate\sphere0238v_crop.png,237.10637909680295,724125332.0,7709.9321413126,24664455.0,0.022744214204680886,16387284.0
0239,v,sphere0239v.cine,1440,1840,1472,0.23175585269927979,91,330,421,296,C:\Users\justi\Downloads\coursework\testing_4mm\Modular\OUTPUT\5mm-borosilicate\sphere0239v_crop.png,236.1744504481303,717223450.0,7626.716275534645,24523595.0,0.022623394420812952,16257831.0
0240,v,sphere0240v.cine,1370,1570,1402,0.23203320801258087,85,325,421,296,C:\Users\justi\Downloads\coursework\testing_4mm\Modular\OUTPUT\5mm-borosilicate\sphere0240v_crop.png,225.050142155563,707115440.0,7516.609952547229,24234628.0,0.021977566941057847,15872920.0
0241,v,sphere0241v.cine,1070,1270,1100,0.2365449219942093,85,325,414,296,C:\Users\justi\Downloads\coursework\testing_4mm\Modular\OUTPUT\5mm-borosilicate\sphere0241v_crop.png,191.48661104834355,682958032.0,7219.531150090229,23107346.0,0.018365707471249153,14809543.0
0242,v,sphere0242v.cine,900,1300,941,0.23427148163318634,88,329,418,296,C:\Users\justi\Downloads\coursework\testing_4mm\Modular\OUTPUT\5mm-borosilicate\sphere0242v_crop.png,235.51492827938654,720866004.0,7658.416118424292,24743326.0,0.02292829577844589,16302703.0
0243,v,sphere0243v.cine,1180,1380,1214,0.23402929306030273,91,331,418,296,C:\Users\justi\Downloads\coursework\testing_4mm\Modular\OUTPUT\5mm-borosilicate\sphere0243v_crop.png,233.11410000959677,706875392.0,7525.1077028535265,24308327.0,0.022930240080170812,16029883.0
0244,v,sphere0244v.cine,2190,2490,2223,0.23319727182388306,89,329,420,296,C:\Users\justi\Downloads\coursework\testing_4mm\Modular\OUTPUT\5mm-borosilicate\sphere0244v_crop.png,232.22163493661608,709491720.0,7551.4933725432975,24382263.0,0.02283636215399598,16050219.0
0245,v,sphere0245v.cine,1090,1290,1123,0.23227831721305847,92,330,421,296,C:\Users\justi\Downloads\coursework\testing_4mm\Modular\OUTPUT\5mm-borosilicate\sphere0245v_crop.png,178.03480686605818,658245898.0,6960.024025830501,21997685.0,0.016970574099077207,14123501.0
0246,v,sphere0246v.cine,390,590,422,0.23231835663318634,89,328,421,296,C:\Users\justi\Downloads\coursework\testing_4mm\Modular\OUTPUT\5mm-borosilicate\sphere0246v_crop.png,223.89217942419882,697985410.0,7424.929305808081,23791912.0,0.022186436130184495,15707511.0
0247,v,sphere0247v.cine,290,490,322,0.23225586116313934,91,330,421,296,C:\Users\justi\Downloads\coursework\testing_4mm\Modular\OUTPUT\5mm-borosilicate\sphere0247v_crop.png,229.14652347895608,708750836.0,7549.735050697508,24256557.0,0.022248585557046684,15981662.0
0248,v,sphere0248v.cine,650,950,688,0.23229004442691803,92,331,421,296,C:\Users\justi\Downloads\coursework\testing_4mm\Modular\OUTPUT\5mm-borosilicate\sphere0248v_crop.png,233.56239325171288,717521154.0,7645.288211270676,24466653.0,0.022579815171862465,16207047.0
0249,v,sphere0249v.cine,630,830,661,0.23201660811901093,87,324,421,296,C:\Users\justi\Downloads\coursework\testing_4mm\Modular\OUTPUT\5mm-borosilicate\sphere0249v_crop.png,228.0845501286767,707193150.0,7522.340120172858,23949444.0,0.022034886966828957,15940623.0
0250,v,sphere0250v.cine,50,350,87,0.23216797411441803,92,331,421,296,C:\Users\justi\Downloads\coursework\testing_4mm\Modular\OUTPUT\5mm-borosilicate\sphere0250v_crop.png,232.3298791233232,718907430.0,7652.337461769064,24419635.0,0.022342876479794372,16208106.0
0251,v,sphere0251v.cine,170,570,208,0.23170410096645355,92,328,421,296,C:\Users\justi\Downloads\coursework\testing_4mm\Modular\OUTPUT\5mm-borosilicate\sphere0251v_crop.png,228.53898810421038,707157840.0,7524.95030491412,23702398.0,0.021976589319400747,15947412.0
0252,v,sphere0252v.cine,40,240,71,0.2318408191204071,90,327,421,296,C:\Users\justi\Downloads\coursework\testing_4mm\Modular\OUTPUT\5mm-borosilicate\sphere0252v_crop.png,232.19288626798792,710251574.0,7567.298788159145,23989876.0,0.022595486506138643,16067854.0
0253,v,sphere0253v.cine,850,1050,888,0.2316865175962448,88,325,421,296,C:\Users\justi\Downloads\coursework\testing_4mm\Modular\OUTPUT\5mm-borosilicate\sphere0253v_crop.png,234.35868916173007,713889692.0,7595.707094838278,24188112.0,0.02262266406467328,16162807.0
0254,v,sphere0254v.cine,-1010,-610,-977,0.2317197322845459,92,330,421,296,C:\Users\justi\Downloads\coursework\testing_4mm\Modular\OUTPUT\5mm-borosilicate\sphere0254v_crop.png,232.70505323313253,721470238.0,7690.069126077095,24462777.0,0.02220569994855599,16260441.0
0255,v,sphere0255v.cine,540,740,575,0.2320546805858612,95,333,421,296,C:\Users\justi\Downloads\coursework\testing_4mm\Modular\OUTPUT\5mm-borosilicate\sphere0255v_crop.png,224.57540699615367,712253452.0,7583.839059409867,24043590.0,0.021487239173628117,15948209.0
0256,v,sphere0256v.cine,-110,90,-71,0.2389550805091858,88,328,410,296,C:\Users\justi\Downloads\coursework\testing_4mm\Modular\OUTPUT\5mm-borosilicate\sphere0256v_crop.png,232.78204806491993,727712954.0,7740.654898060341,24833775.0,0.021694949808644677,16362823.0
0257,v,sphere0257v.cine,-1460,-1260,-1423,0.23837891221046448,84,323,411,296,C:\Users\justi\Downloads\coursework\testing_4mm\Modular\OUTPUT\5mm-borosilicate\sphere0257v_crop.png,240.97867969268566,734113398.0,7800.271045407044,25268500.0,0.022397500621697077,16620497.0
0258,v,sphere0258v.cine,-670,-470,-640,0.23728905618190765,84,323,413,296,C:\Users\justi\Downloads\coursework\testing_4mm\Modular\OUTPUT\5mm-borosilicate\sphere0258v_crop.png,227.17305028423385,713754862.0,7581.165249121638,24558284.0,0.02160011068350198,16020984.0
0259,v,sphere0259v.cine,-1320,-1020,-1283,0.2367890626192093,89,328,413,296,C:\Users\justi\Downloads\coursework\testing_4mm\Modular\OUTPUT\5mm-borosilicate\sphere0259v_crop.png,231.66690821450823,720481794.0,7668.033160120985,24599722.0,0.021807549566837798,16224314.0
0260,v,sphere0260v.cine,-1250,-950,-1214,0.2362939417362213,89,327,414,296,C:\Users\justi\Downloads\coursework\testing_4mm\Modular\OUTPUT\5mm-borosilicate\sphere0260v_crop.png,229.25930387098458,718076512.0,7646.409872426592,24510057.0,0.02148094928597264,16135109.0
0261,v,sphere0261v.cine,-250,-50,-211,0.23597265779972076,84,321,414,296,C:\Users\justi\Downloads\coursework\testing_4mm\Modular\OUTPUT\5mm-borosilicate\sphere0261v_crop.png,229.07760617617703,714938042.0,7598.528511115843,24237890.0,0.0211376157258193,16075668.0
0262,v,sphere0262v.cine,-1120,-920,-1087,0.2358046919107437,94,330,414,296,C:\Users\justi\Downloads\coursework\testing_4mm\Modular\OUTPUT\5mm-borosilicate\sphere0262v_crop.png,229.5243729144001,723279064.0,7691.857786610931,24353353.0,0.021035608976724584,16229850.0
0263,v,sphere0263v.cine,-710,-510,-674,0.2360253930091858,90,325,414,296,C:\Users\justi\Downloads\coursework\testing_4mm\Modular\OUTPUT\5mm-borosilicate\sphere0263v_crop.png,234.9574733327131,716265652.0,7615.451071585935,24230152.0,0.0218191595311787,16217524.0
0264,v,sphere0264v.cine,180,380,220,0.23546777665615082,91,328,414,296,C:\Users\justi\Downloads\coursework\testing_4mm\Modular\OUTPUT\5mm-borosilicate\sphere0264v_crop.png,224.71791165351374,712887836.0,7585.158963734872,24276409.0,0.020804315895392125,15968248.0
0265,v,sphere0265v.cine,220,420,256,0.23606444895267487,85,319,413,296,C:\Users\justi\Downloads\coursework\testing_4mm\Modular\OUTPUT\5mm-borosilicate\sphere0265v_crop.png,205.29066244300452,688553272.0,7299.358652984844,22908789.0,0.018941313226545835,15175807.0
0266,v,sphere0266v.cine,490,690,528,0.23576171696186066,91,325,414,296,C:\Users\justi\Downloads\coursework\testing_4mm\Modular\OUTPUT\5mm-borosilicate\sphere0266v_crop.png,224.3944931317715,710052554.0,7541.002183306765,23936714.0,0.02033256753871271,15891727.0
0267,v,sphere0267v.cine,150,350,188,0.23605957627296448,92,327,414,296,C:\Users\justi\Downloads\coursework\testing_4mm\Modular\OUTPUT\5mm-borosilicate\sphere0267v_crop.png,240.12154188125297,729671946.0,7762.036102357116,24665517.0,0.021934358318634863,16537697.0
0268,v,sphere0268v.cine,-390,-90,-350,0.23592187464237213,90,326,414,296,C:\Users\justi\Downloads\coursework\testing_4mm\Modular\OUTPUT\5mm-borosilicate\sphere0268v_crop.png,235.18211155343306,722636898.0,7691.515842226275,24494381.0,0.021591736969439727,16323161.0
0269,v,sphere0269v.cine,380,580,418,0.23597460985183716,90,327,414,296,C:\Users\justi\Downloads\coursework\testing_4mm\Modular\OUTPUT\5mm-borosilicate\sphere0269v_crop.png,237.21828204255777,722879534.0,7693.908913679641,24478475.0,0.02205449776068397,16367683.0
0270,v,sphere0270v.cine,-1170,-970,-1137,0.23575487732887268,85,323,414,296,C:\Users\justi\Downloads\coursework\testing_4mm\Modular\OUTPUT\5mm-borosilicate\sphere0270v_crop.png,232.54699975530298,711434648.0,7564.200469253052,24469796.0,0.021538415699139078,16084092.0
0271,v,sphere0271v.cine,-810,-510,-773,0.23454686999320984,86,320,414,296,C:\Users\justi\Downloads\coursework\testing_4mm\Modular\OUTPUT\5mm-borosilicate\sphere0271v_crop.png,229.61486469603932,707038512.0,7513.496623354362,24101304.0,0.019749379419108745,15961920.0
0272,v,sphere0272v.cine,-510,-210,-472,0.2358749955892563,85,322,414,296,C:\Users\justi\Downloads\coursework\testing_4mm\Modular\OUTPUT\5mm-borosilicate\sphere0272v_crop.png,232.27237034279523,710888428.0,7561.18087910302,24329763.0,0.02180093292734346,16076428.0
0273,v,sphere0273v.cine,-820,-620,-780,0.2359345704317093,87,325,414,296,C:\Users\justi\Downloads\coursework\testing_4mm\Modular\OUTPUT\5mm-borosilicate\sphere0273v_crop.png,235.7100713749379,721573732.0,7678.856206697841,24666860.0,0.021924303766031803,16312857.0
0274,v,sphere0274v.cine,-190,10,-153,0.23601660132408142,84,321,414,296,C:\Users\justi\Downloads\coursework\testing_4mm\Modular\OUTPUT\5mm-borosilicate\sphere0274v_crop.png,235.52427364901862,714290450.0,7592.523615992388,24283753.0,0.022080784096482006,16194542.0
0275,v,sphere0275v.cine,-410,-260,-373,0.2383759766817093,83,324,411,296,C:\Users\justi\Downloads\coursework\testing_4mm\Modular\OUTPUT\5mm-borosilicate\sphere0275v_crop.png,220.8929187925416,704815234.0,7479.968746119841,24188234.0,0.021224041922137053,15754751.0
0276,v,sphere0276v.cine,-130,70,-93,0.23799706995487213,81,321,411,296,C:\Users\justi\Downloads\coursework\testing_4mm\Modular\OUTPUT\5mm-borosilicate\sphere0276v_crop.png,233.25244860764946,719106136.0,7646.984344048341,24666738.0,0.022059630428466287,16228521.0
0277,v,sphere0277v.cine,-300,0,-265,0.23692187666893005,86,324,412,296,C:\Users\justi\Downloads\coursework\testing_4mm\Modular\OUTPUT\5mm-borosilicate\sphere0277v_crop.png,239.1697159208632,722385448.0,7684.957105560514,24732731.0,0.022037856391344476,16402516.0
0278,v,sphere0278v.cine,-660,-360,-620,0.23697558045387268,83,323,413,296,C:\Users\justi\Downloads\coursework\testing_4mm\Modular\OUTPUT\5mm-borosilicate\sphere0278v_crop.png,228.20120753144985,704741848.0,7493.459772757083,24221762.0,0.021939820317118476,15894059.0
0279,v,sphere0279v.cine,-960,-760,-918,0.2363310605287552,87,326,414,296,C:\Users\justi\Downloads\coursework\testing_4mm\Modular\OUTPUT\5mm-borosilicate\sphere0279v_crop.png,221.6337378764449,705801904.0,7511.17169869472,24101612.0,0.021331017954309264,15780541.0
0280,v,sphere0280v.cine,-860,-660,-826,0.23589062690734863,85,320,414,296,C:\Users\justi\Downloads\coursework\testing_4mm\Modular\OUTPUT\5mm-borosilicate\sphere0280v_crop.png,234.7744581482425,717006364.0,7628.328365826439,24110254.0,0.02200189407517852,16225624.0
0281,v,sphere0281v.cine,-50,250,-13,0.23567968606948853,92,326,414,296,C:\Users\justi\Downloads\coursework\testing_4mm\Modular\OUTPUT\5mm-borosilicate\sphere0281v_crop.png,236.9420495835735,717167086.0,7629.483646163694,24142393.0,0.022072051126044254,16265412.0
0282,v,sphere0282v.cine,-5010,-4710,-4973,0.23588281869888306,90,325,414,296,C:\Users\justi\Downloads\coursework\testing_4mm\Modular\OUTPUT\5mm-borosilicate\sphere0282v_crop.png,234.25450830572797,719988158.0,7657.006089287882,24233664.0,0.021718263043068328,16260356.0
0283,v,sphere0283v.cine,-710,-410,-676,0.23591601848602295,91,326,414,296,C:\Users\justi\Downloads\coursework\testing_4mm\Modular\OUTPUT\5mm-borosilicate\sphere0283v_crop.png,231.60077854503962,709407068.0,7550.553005580002,23870255.0,0.02178174422693113,16041957.0
0284,v,sphere0284v.cine,-1240,-1040,-1201,0.23590821027755737,87,322,414,296,C:\Users\justi\Downloads\coursework\testing_4mm\Modular\OUTPUT\5mm-borosilicate\sphere0284v_crop.png,237.06421134076797,720386282.0,7660.388643348365,24250796.0,0.02213411272157453,16317098.0
0285,v,sphere0285v.cine,-370,-170,-329,0.2364521473646164,82,323,414,296,C:\Users\justi\Downloads\coursework\testing_4mm\Modular\OUTPUT\5mm-borosilicate\sphere0285v_crop.png,231.43628731660942,712567140.0,7578.967482704935,24662058.0,0.022635646998927096,16087927.0
0286,v,sphere0286v.cine,-2030,-1630,-1993,0.23659375309944153,85,326,414,296,C:\Users\justi\Downloads\coursework\testing_4mm\Modular\OUTPUT\5mm-borosilicate\sphere0286v_crop.png,234.78616079272854,717975650.0,7642.865102744216,24864245.0,0.022783158700103792,16242419.0
0287,v,sphere0287v.cine,-350,-50,-314,0.2364833950996399,84,325,414,296,C:\Users\justi\Downloads\coursework\testing_4mm\Modular\OUTPUT\5mm-borosilicate\sphere0287v_crop.png,228.4899212378763,710319442.0,7553.879533317287,24498270.0,0.02212826133615037,15994750.0
0288,v,sphere0288v.cine,-960,-760,-921,0.23666797578334808,85,326,414,296,C:\Users\justi\Downloads\coursework\testing_4mm\Modular\OUTPUT\5mm-borosilicate\sphere0288v_crop.png,238.01902620200266,721773080.0,7684.050816319903,24970534.0,0.02284776994750912,16363173.0
0289,v,sphere0289v.cine,-650,-450,-607,0.23631933331489563,85,322,414,296,C:\Users\justi\Downloads\coursework\testing_4mm\Modular\OUTPUT\5mm-borosilicate\sphere0289v_crop.png,225.1201052675829,701138404.0,7467.695431671387,23823714.0,0.021584162150290496,15781760.0
0290,v,sphere0290v.cine,-1410,-1210,-1366,0.23641210794448853,91,328,414,296,C:\Users\justi\Downloads\coursework\testing_4mm\Modular\OUTPUT\5mm-borosilicate\sphere0290v_crop.png,235.8722555853774,727949426.0,7746.172006212772,24710106.0,0.02180257608237667,16427534.0
0291,v,sphere0291v.cine,-110,90,-75,0.236143559217453,85,322,414,296,C:\Users\justi\Downloads\coursework\testing_4mm\Modular\OUTPUT\5mm-borosilicate\sphere0291v_crop.png,238.81831245035698,723671982.0,7703.278181455681,24619625.0,0.022469356882292305,16415244.0
0292,v,sphere0292v.cine,-730,-530,-687,0.23607812821865082,86,322,414,296,C:\Users\justi\Downloads\coursework\testing_4mm\Modular\OUTPUT\5mm-borosilicate\sphere0292v_crop.png,232.30342223370525,709714582.0,7555.720458454336,24025140.0,0.022167325190814872,16053869.0
0293,v,sphere0293v.cine,-1460,-1260,-1424,0.23572558164596558,88,324,415,296,C:\Users\justi\Downloads\coursework\testing_4mm\Modular\OUTPUT\5mm-borosilicate\sphere0293v_crop.png,234.51969953519787,717466696.0,7629.791533459963,24364049.0,0.02208779654181554,16220939.0
0294,v,sphere0294v.cine,930,1130,965,0.23932324349880219,90,329,410,296,C:\Users\justi\Downloads\coursework\testing_4mm\Modular\OUTPUT\5mm-borosilicate\sphere0294v_crop.png,239.50668000366232,734632322.0,7808.643741551312,25004010.0,0.02283369160677906,16612086.0
0295,v,sphere0295v.cine,1340,1540,1375,0.23838476836681366,84,323,411,296,C:\Users\justi\Downloads\coursework\testing_4mm\Modular\OUTPUT\5mm-borosilicate\sphere0295v_crop.png,231.00319328253332,713754852.0,7586.125161318149,24233813.0,0.022476889059212597,16091638.0
0296,v,sphere0296v.cine,1680,1980,1717,0.2381552755832672,82,320,412,296,C:\Users\justi\Downloads\coursework\testing_4mm\Modular\OUTPUT\5mm-borosilicate\sphere0296v_crop.png,234.6703649908577,723333132.0,7692.6986513520005,24456970.0,0.022456157081061877,16322864.0
0297,v,sphere0297v.cine,-1210,-910,-1177,0.23776952922344208,90,328,412,296,C:\Users\justi\Downloads\coursework\testing_4mm\Modular\OUTPUT\5mm-borosilicate\sphere0297v_crop.png,221.1684040468641,711248108.0,7556.0716340596755,23904918.0,0.021076508026059777,15858677.0
0298,v,sphere0298v.cine,520,820,555,0.23714062571525574,90,328,413,296,C:\Users\justi\Downloads\coursework\testing_4mm\Modular\OUTPUT\5mm-borosilicate\sphere0298v_crop.png,228.53658007031524,723274630.0,7698.299299640966,24476754.0,0.0219151963041383,16204762.0
0299,v,sphere0299v.cine,950,1150,985,0.23691211640834808,82,320,414,296,C:\Users\justi\Downloads\coursework\testing_4mm\Modular\OUTPUT\5mm-borosilicate\sphere0299v_crop.png,236.74045687977184,724190636.0,7706.094980377267,24406433.0,0.022828957082410124,16381019.0
0300,v,sphere0300v.cine,170,370,203,0.23589354753494263,89,323,414,296,C:\Users\justi\Downloads\coursework\testing_4mm\Modular\OUTPUT\5mm-borosilicate\sphere0300v_crop.png,203.9563435525648,688758566.0,7300.463890330358,22934865.0,0.018547845725753534,15148009.0
0301,v,sphere0301v.cine,710,910,744,0.23564843833446503,88,322,414,296,C:\Users\justi\Downloads\coursework\testing_4mm\Modular\OUTPUT\5mm-borosilicate\sphere0301v_crop.png,235.67414233070073,726208794.0,7732.272321997026,24337040.0,0.021262761260925023,16394459.0
0302,v,sphere0302v.cine,230,430,260,0.2356230467557907,93,326,414,296,C:\Users\justi\Downloads\coursework\testing_4mm\Modular\OUTPUT\5mm-borosilicate\sphere0302v_crop.png,207.68392555771769,691701204.0,7345.347019318601,22918714.0,0.01892784872598376,15269325.0
0303,v,sphere0303v.cine,1700,1900,1733,0.23573145270347595,90,324,414,296,C:\Users\justi\Downloads\coursework\testing_4mm\Modular\OUTPUT\5mm-borosilicate\sphere0303v_crop.png,240.77371127458835,727425936.0,7743.416364524307,24599670.0,0.021745791098719335,16512188.0
0304,v,sphere0304v.cine,940,1140,968,0.23577344417572021,86,320,414,296,C:\Users\justi\Downloads\coursework\testing_4mm\Modular\OUTPUT\5mm-borosilicate\sphere0304v_crop.png,235.94593292749042,720303038.0,7663.659933631172,24161114.0,0.021694353308672754,16297118.0
0305,v,sphere0305v.cine,400,600,436,0.23572851717472076,89,323,414,296,C:\Users\justi\Downloads\coursework\testing_4mm\Modular\OUTPUT\5mm-borosilicate\sphere0305v_crop.png,237.73412186889377,720150138.0,7658.483196128522,24300707.0,0.021664677385380506,16331666.0
0306,v,sphere0306v.cine,760,960,792,0.23549999296665192,86,320,414,296,C:\Users\justi\Downloads\coursework\testing_4mm\Modular\OUTPUT\5mm-borosilicate\sphere0306v_crop.png,222.0925035608798,688310314.0,7307.519395062149,23125735.0,0.021097144617698054,15498944.0
0307,v,sphere0307v.cine,-150,150,-118,0.23517285287380219,94,327,414,296,C:\Users\justi\Downloads\coursework\testing_4mm\Modular\OUTPUT\5mm-borosilicate\sphere0307v_crop.png,225.08170839707057,716498064.0,7613.556444004474,23878114.0,0.02051339012036377,16033510.0
0308,v,sphere0308v.cine,220,520,257,0.23531542718410492,91,324,414,296,C:\Users\justi\Downloads\coursework\testing_4mm\Modular\OUTPUT\5mm-borosilicate\sphere0308v_crop.png,222.2331043434027,712993286.0,7571.934716060743,23747550.0,0.0199519583494894,15910357.0
0309,v,sphere0309v.cine,950,1150,982,0.23558007180690765,96,330,414,296,C:\Users\justi\Downloads\coursework\testing_4mm\Modular\OUTPUT\5mm-borosilicate\sphere0309v_crop.png,238.5046562948649,722724148.0,7700.549457207269,24290891.0,0.021651339323902136,16390345.0
0310,v,sphere0310v.cine,-80,120,-45,0.23546093702316284,85,318,414,296,C:\Users\justi\Downloads\coursework\testing_4mm\Modular\OUTPUT\5mm-borosilicate\sphere0310v_crop.png,214.5537416554119,691453492.0,7333.506014043967,23018169.0,0.01975297356637753,15391912.0
0311,v,sphere0311v.cine,980,1080,1021,0.23537597060203552,95,328,414,296,C:\Users\justi\Downloads\coursework\testing_4mm\Modular\OUTPUT\5mm-borosilicate\sphere0311v_crop.png,237.92636930571345,730616750.0,7773.360314156923,24505389.0,0.02148227264219591,16504409.0
0312,v,sphere0312v.cine,650,850,687,0.2356855422258377,96,329,414,296,C:\Users\justi\Downloads\coursework\testing_4mm\Modular\OUTPUT\5mm-borosilicate\sphere0312v_crop.png,238.9640918526135,732457234.0,7790.2938278256615,24542403.0,0.021507160963911354,16554720.0
0313,v,sphere0313v.cine,380,580,409,0.23557715117931366,89,322,414,296,C:\Users\justi\Downloads\coursework\testing_4mm\Modular\OUTPUT\5mm-borosilicate\sphere0313v_crop.png,233.95185772825064,715624934.0,7601.188140576444,23981387.0,0.021410467453055807,16177615.0
0314,v,sphere0314v.cine,-5230,-4830,-5202,0.2359296828508377,88,323,413,296,C:\Users\justi\Downloads\coursework\testing_4mm\Modular\OUTPUT\5mm-borosilicate\sphere0314v_crop.png,220.05476489387596,709632246.0,7537.736494175354,23861530.0,0.020151478882582417,15812801.0
0315,v,sphere0315v.cine,1470,1770,1498,0.23618456721305847,93,329,413,296,C:\Users\justi\Downloads\coursework\testing_4mm\Modular\OUTPUT\5mm-borosilicate\sphere0315v_crop.png,239.41641218148226,730784626.0,7778.80273781762,24799847.0,0.021767471552652025,16545773.0
0316,v,sphere0316v.cine,-2340,-2040,-2306,0.2363925725221634,83,319,413,296,C:\Users\justi\Downloads\coursework\testing_4mm\Modular\OUTPUT\5mm-borosilicate\sphere0316v_crop.png,238.75724184452054,724022046.0,7704.38091633932,24479764.0,0.02192190645734154,16409072.0
0317,v,sphere0317v.cine,350,550,386,0.23577050864696503,92,327,413,296,C:\Users\justi\Downloads\coursework\testing_4mm\Modular\OUTPUT\5mm-borosilicate\sphere0317v_crop.png,240.70798258141826,735637190.0,7835.181658642202,24944672.0,0.0214584272823022,16651045.0
0318,v,sphere0318v.cine,-4940,-4640,-4906,0.23632128536701202,90,325,413,296,C:\Users\justi\Downloads\coursework\testing_4mm\Modular\OUTPUT\5mm-borosilicate\sphere0318v_crop.png,239.7725870005497,728716212.0,7756.919889604504,24616913.0,0.021865906224900568,16517397.0
0319,v,sphere0319v.cine,2090,2290,2119,0.23603320121765137,87,321,414,296,C:\Users\justi\Downloads\coursework\testing_4mm\Modular\OUTPUT\5mm-borosilicate\sphere0319v_crop.png,235.7960682399132,723019630.0,7691.073839859592,24413403.0,0.021559625200224093,16332151.0
0320,v,sphere0320v.cine,740,940,772,0.23591406643390656,88,324,414,296,C:\Users\justi\Downloads\coursework\testing_4mm\Modular\OUTPUT\5mm-borosilicate\sphere0320v_crop.png,218.11993413723172,707823918.0,7526.829221692853,23885452.0,0.02022081253933692,15743081.0
0321,v,sphere0321v.cine,1970,2170,1999,0.23597460985183716,85,322,414,296,C:\Users\justi\Downloads\coursework\testing_4mm\Modular\OUTPUT\5mm-borosilicate\sphere0321v_crop.png,230.013279681668,717205734.0,7633.682477964679,24321359.0,0.021381344793144203,16131537.0
0322,v,sphere0322v.cine,1840,2140,1868,0.2360527366399765,86,324,414,296,C:\Users\justi\Downloads\coursework\testing_4mm\Modular\OUTPUT\5mm-borosilicate\sphere0322v_crop.png,238.1150012237976,729149406.0,7771.384522806724,25016163.0,0.02205557545404912,16483504.0
0323,v,sphere0323v.cine,2020,2220,2050,0.23596875369548798,85,322,414,296,C:\Users\justi\Downloads\coursework\testing_4mm\Modular\OUTPUT\5mm-borosilicate\sphere0323v_crop.png,233.54625046728717,711001590.0,7564.2424121985705,24348286.0,0.022072861226619375,16092388.0
0324,v,sphere0324v.cine,1660,1860,1693,0.23614062368869781,92,329,414,296,C:\Users\justi\Downloads\coursework\testing_4mm\Modular\OUTPUT\5mm-borosilicate\sphere0324v_crop.png,238.06830212425203,724685334.0,7707.238070481909,24676540.0,0.02208888620968301,16414536.0
0325,v,sphere0325v.cine,1370,1570,1406,0.23615722358226776,87,324,414,296,C:\Users\justi\Downloads\coursework\testing_4mm\Modular\OUTPUT\5mm-borosilicate\sphere0325v_crop.png,202.32148222289118,683947558.0,7249.087548761447,23032980.0,0.019085279028975857,15043299.0
0326,v,sphere0326v.cine,1980,2280,2008,0.23430956900119781,84,321,417,296,C:\Users\justi\Downloads\coursework\testing_4mm\Modular\OUTPUT\5mm-borosilicate\sphere0326v_crop.png,226.6053871051333,705524368.0,7497.779889161541,23879090.0,0.021550582467025636,15876246.0
0327,v,sphere0327v.cine,2100,2300,2132,0.23456835746765137,93,330,417,296,C:\Users\justi\Downloads\coursework\testing_4mm\Modular\OUTPUT\5mm-borosilicate\sphere0327v_crop.png,225.88899973616012,713221128.0,7569.989778663824,24160352.0,0.021074563236058677,15978167.0
0328,v,sphere0328v.cine,3600,3900,3628,0.23462402820587158,93,329,417,296,C:\Users\justi\Downloads\coursework\testing_4mm\Modular\OUTPUT\5mm-borosilicate\sphere0328v_crop.png,228.74161065385977,710162312.0,7540.129062398532,24077117.0,0.021441879464737783,15993415.0
